timestamp,temperature,condition,wind_speed,humidity,precipitation
2025-04-13T00:00:00,3.2,Rain,4.5,67,0.49
2025-04-13T01:00:00,5.4,Rain,9.4,85,0.25
2025-04-13T02:00:00,3.4,Rain,2.4,82,0.46
2025-04-13T03:00:00,3.9,Rain,8.0,89,0.51
2025-04-13T04:00:00,5.9,Rain,2.3,87,0.48
2025-04-13T05:00:00,5.6,Rain,2.0,72,0.24
2025-04-13T06:00:00,8.0,Rain,8.3,65,0.58
2025-04-13T07:00:00,8.0,Rain,7.4,67,0.59
2025-04-13T08:00:00,8.0,Rain,2.4,63,0.36
2025-04-13T09:00:00,8.0,Rain,4.2,77,0.45
2025-04-13T10:00:00,12.2,Rain,2.7,70,0.52
2025-04-13T11:00:00,11.3,Rain,4.1,75,0.19
2025-04-13T12:00:00,11.1,Rain,9.0,67,0.54
2025-04-13T13:00:00,12.9,Rain,7.1,64,0.48
2025-04-13T14:00:00,12.3,Rain,4.4,76,0.22
2025-04-13T15:00:00,10.6,Rain,6.6,70,0.29
2025-04-13T16:00:00,11.0,Rain,8.3,81,0.23
2025-04-13T17:00:00,8.0,Rain,9.0,84,0.3
2025-04-13T18:00:00,8.0,Rain,9.6,67,0.32
2025-04-13T19:00:00,8.0,Rain,8.0,83,0.34
2025-04-13T20:00:00,8.0,Rain,6.4,75,0.37
2025-04-13T21:00:00,8.0,Rain,6.2,86,0.52
2025-04-13T22:00:00,8.0,Rain,9.6,68,0.12
2025-04-13T23:00:00,8.0,Rain,6.1,87,0.21
2025-04-12T00:00:00,2.0,Cloudy,7.2,76,0.0
2025-04-12T01:00:00,3.9,Cloudy,7.1,77,0.0
2025-04-12T02:00:00,4.6,Cloudy,6.2,74,0.0
2025-04-12T03:00:00,3.3,Cloudy,5.4,88,0.0
2025-04-12T04:00:00,2.0,Cloudy,9.2,87,0.0
2025-04-12T05:00:00,3.5,Cloudy,3.4,80,0.0
2025-04-12T06:00:00,6.7,Cloudy,6.7,72,0.0
2025-04-12T07:00:00,6.7,Cloudy,8.7,85,0.0
2025-04-12T08:00:00,6.7,Cloudy,4.6,76,0.0
2025-04-12T09:00:00,6.7,Cloudy,7.2,88,0.0
2025-04-12T10:00:00,9.3,Cloudy,2.1,79,0.0
2025-04-12T11:00:00,8.8,Cloudy,4.9,81,0.0
2025-04-12T12:00:00,11.5,Cloudy,2.9,61,0.0
2025-04-12T13:00:00,10.0,Cloudy,8.8,77,0.0
2025-04-12T14:00:00,10.5,Cloudy,7.1,89,0.0
2025-04-12T15:00:00,9.7,Cloudy,8.6,82,0.0
2025-04-12T16:00:00,10.8,Cloudy,5.8,81,0.0
2025-04-12T17:00:00,6.7,Cloudy,5.3,67,0.0
2025-04-12T18:00:00,6.7,Cloudy,3.8,71,0.0
2025-04-12T19:00:00,6.7,Cloudy,9.2,88,0.0
2025-04-12T20:00:00,6.7,Cloudy,3.1,75,0.0
2025-04-12T21:00:00,6.7,Cloudy,5.9,89,0.0
2025-04-12T22:00:00,6.7,Cloudy,2.3,89,0.0
2025-04-12T23:00:00,6.7,Cloudy,7.6,69,0.0
2025-04-11T00:00:00,7.8,Clear,9.4,71,0.0
2025-04-11T01:00:00,6.8,Clear,8.1,77,0.0
2025-04-11T02:00:00,6.4,Clear,9.7,61,0.0
2025-04-11T03:00:00,7.0,Clear,7.6,89,0.0
2025-04-11T04:00:00,5.7,Clear,7.6,66,0.0
2025-04-11T05:00:00,7.6,Clear,3.8,88,0.0
2025-04-11T06:00:00,9.9,Clear,9.7,68,0.0
2025-04-11T07:00:00,9.9,Clear,7.0,72,0.0
2025-04-11T08:00:00,9.9,Clear,9.5,63,0.0
2025-04-11T09:00:00,9.9,Clear,6.1,88,0.0
2025-04-11T10:00:00,12.7,Clear,7.8,62,0.0
2025-04-11T11:00:00,14.7,Clear,5.9,75,0.0
2025-04-11T12:00:00,13.4,Clear,9.7,77,0.0
2025-04-11T13:00:00,13.6,Clear,7.2,66,0.0
2025-04-11T14:00:00,14.0,Clear,5.1,77,0.0
2025-04-11T15:00:00,12.9,Clear,6.3,70,0.0
2025-04-11T16:00:00,13.2,Clear,4.4,87,0.0
2025-04-11T17:00:00,9.9,Clear,4.8,74,0.0
2025-04-11T18:00:00,9.9,Clear,4.5,69,0.0
2025-04-11T19:00:00,9.9,Clear,9.9,61,0.0
2025-04-11T20:00:00,9.9,Clear,2.1,71,0.0
2025-04-11T21:00:00,9.9,Clear,5.6,80,0.0
2025-04-11T22:00:00,9.9,Clear,4.1,71,0.0
2025-04-11T23:00:00,9.9,Clear,4.3,62,0.0
2025-04-10T00:00:00,9.6,Clear,4.0,82,0.0
2025-04-10T01:00:00,9.5,Clear,2.1,89,0.0
2025-04-10T02:00:00,8.8,Clear,8.4,65,0.0
2025-04-10T03:00:00,7.4,Clear,6.2,85,0.0
2025-04-10T04:00:00,7.9,Clear,8.4,76,0.0
2025-04-10T05:00:00,9.9,Clear,3.9,60,0.0
2025-04-10T06:00:00,12.0,Clear,4.9,62,0.0
2025-04-10T07:00:00,12.0,Clear,5.8,87,0.0
2025-04-10T08:00:00,12.0,Clear,9.2,79,0.0
2025-04-10T09:00:00,12.0,Clear,5.0,87,0.0
2025-04-10T10:00:00,14.4,Clear,6.2,70,0.0
2025-04-10T11:00:00,14.9,Clear,5.6,70,0.0
2025-04-10T12:00:00,15.9,Clear,4.5,67,0.0
2025-04-10T13:00:00,15.3,Clear,2.1,72,0.0
2025-04-10T14:00:00,16.3,Clear,6.9,79,0.0
2025-04-10T15:00:00,15.3,Clear,5.7,74,0.0
2025-04-10T16:00:00,16.7,Clear,3.5,72,0.0
2025-04-10T17:00:00,12.0,Clear,5.4,60,0.0
2025-04-10T18:00:00,12.0,Clear,3.0,78,0.0
2025-04-10T19:00:00,12.0,Clear,6.9,82,0.0
2025-04-10T20:00:00,12.0,Clear,7.7,68,0.0
2025-04-10T21:00:00,12.0,Clear,4.4,71,0.0
2025-04-10T22:00:00,12.0,Clear,9.8,81,0.0
2025-04-10T23:00:00,12.0,Clear,2.3,63,0.0
2025-04-09T00:00:00,5.6,Rain,3.7,86,0.41
2025-04-09T01:00:00,4.4,Rain,8.3,88,0.23
2025-04-09T02:00:00,5.8,Rain,9.8,84,0.21
2025-04-09T03:00:00,5.0,Rain,6.7,62,0.31
2025-04-09T04:00:00,5.7,Rain,4.5,75,0.54
2025-04-09T05:00:00,5.1,Rain,6.6,66,0.35
2025-04-09T06:00:00,9.3,Rain,8.5,79,0.36
2025-04-09T07:00:00,9.3,Rain,3.3,77,0.12
2025-04-09T08:00:00,9.3,Rain,4.7,63,0.55
2025-04-09T09:00:00,9.3,Rain,3.3,66,0.17
2025-04-09T10:00:00,12.8,Rain,2.7,73,0.12
2025-04-09T11:00:00,11.7,Rain,2.6,62,0.52
2025-04-09T12:00:00,12.1,Rain,7.2,65,0.52
2025-04-09T13:00:00,14.2,Rain,8.5,74,0.36
2025-04-09T14:00:00,13.4,Rain,8.6,87,0.17
2025-04-09T15:00:00,12.7,Rain,2.7,68,0.34
2025-04-09T16:00:00,13.7,Rain,5.0,62,0.49
2025-04-09T17:00:00,9.3,Rain,9.1,80,0.14
2025-04-09T18:00:00,9.3,Rain,7.5,66,0.13
2025-04-09T19:00:00,9.3,Rain,4.0,80,0.33
2025-04-09T20:00:00,9.3,Rain,3.5,67,0.55
2025-04-09T21:00:00,9.3,Rain,6.9,64,0.58
2025-04-09T22:00:00,9.3,Rain,6.7,66,0.57
2025-04-09T23:00:00,9.3,Rain,6.8,81,0.42
2025-04-08T00:00:00,9.3,Rain,5.0,75,0.32
2025-04-08T01:00:00,8.6,Rain,2.4,85,0.13
2025-04-08T02:00:00,9.6,Rain,6.5,88,0.3
2025-04-08T03:00:00,9.6,Rain,2.4,63,0.21
2025-04-08T04:00:00,7.8,Rain,6.9,88,0.43
2025-04-08T05:00:00,8.6,Rain,6.7,81,0.48
2025-04-08T06:00:00,12.7,Rain,6.0,82,0.19
2025-04-08T07:00:00,12.7,Rain,8.2,78,0.45
2025-04-08T08:00:00,12.7,Rain,4.2,67,0.33
2025-04-08T09:00:00,12.7,Rain,2.7,88,0.48
2025-04-08T10:00:00,16.8,Rain,8.8,85,0.55
2025-04-08T11:00:00,16.8,Rain,9.5,70,0.42
2025-04-08T12:00:00,17.5,Rain,2.0,78,0.33
2025-04-08T13:00:00,16.1,Rain,3.1,76,0.59
2025-04-08T14:00:00,14.9,Rain,3.2,89,0.18
2025-04-08T15:00:00,14.9,Rain,3.1,86,0.5
2025-04-08T16:00:00,14.7,Rain,2.4,84,0.59
2025-04-08T17:00:00,12.7,Rain,6.0,73,0.6
2025-04-08T18:00:00,12.7,Rain,7.8,67,0.27
2025-04-08T19:00:00,12.7,Rain,6.0,76,0.49
2025-04-08T20:00:00,12.7,Rain,4.3,67,0.27
2025-04-08T21:00:00,12.7,Rain,7.5,78,0.35
2025-04-08T22:00:00,12.7,Rain,6.8,75,0.59
2025-04-08T23:00:00,12.7,Rain,3.6,83,0.21
2025-04-07T00:00:00,7.0,Cloudy,6.3,79,0.0
2025-04-07T01:00:00,6.9,Cloudy,9.0,69,0.0
2025-04-07T02:00:00,6.2,Cloudy,7.7,68,0.0
2025-04-07T03:00:00,8.2,Cloudy,4.7,86,0.0
2025-04-07T04:00:00,8.3,Cloudy,5.0,67,0.0
2025-04-07T05:00:00,6.8,Cloudy,8.3,73,0.0
2025-04-07T06:00:00,11.0,Cloudy,6.2,66,0.0
2025-04-07T07:00:00,11.0,Cloudy,5.4,64,0.0
2025-04-07T08:00:00,11.0,Cloudy,8.4,78,0.0
2025-04-07T09:00:00,11.0,Cloudy,9.9,90,0.0
2025-04-07T10:00:00,15.6,Cloudy,3.4,68,0.0
2025-04-07T11:00:00,15.9,Cloudy,9.1,62,0.0
2025-04-07T12:00:00,15.2,Cloudy,2.5,70,0.0
2025-04-07T13:00:00,14.9,Cloudy,8.8,69,0.0
2025-04-07T14:00:00,13.5,Cloudy,5.4,60,0.0
2025-04-07T15:00:00,13.2,Cloudy,6.3,68,0.0
2025-04-07T16:00:00,15.3,Cloudy,2.4,71,0.0
2025-04-07T17:00:00,11.0,Cloudy,6.4,64,0.0
2025-04-07T18:00:00,11.0,Cloudy,3.9,69,0.0
2025-04-07T19:00:00,11.0,Cloudy,5.6,86,0.0
2025-04-07T20:00:00,11.0,Cloudy,9.2,84,0.0
2025-04-07T21:00:00,11.0,Cloudy,6.8,68,0.0
2025-04-07T22:00:00,11.0,Cloudy,2.2,73,0.0
2025-04-07T23:00:00,11.0,Cloudy,4.0,79,0.0
2025-04-06T00:00:00,6.5,Clear,2.7,68,0.0
2025-04-06T01:00:00,7.2,Clear,2.1,80,0.0
2025-04-06T02:00:00,6.0,Clear,2.1,89,0.0
2025-04-06T03:00:00,7.9,Clear,3.7,86,0.0
2025-04-06T04:00:00,6.8,Clear,7.5,86,0.0
2025-04-06T05:00:00,6.6,Clear,6.3,64,0.0
2025-04-06T06:00:00,10.5,Clear,8.1,81,0.0
2025-04-06T07:00:00,10.5,Clear,6.8,83,0.0
2025-04-06T08:00:00,10.5,Clear,6.5,71,0.0
2025-04-06T09:00:00,10.5,Clear,5.5,79,0.0
2025-04-06T10:00:00,14.0,Clear,8.2,76,0.0
2025-04-06T11:00:00,13.0,Clear,3.5,75,0.0
2025-04-06T12:00:00,14.8,Clear,9.1,76,0.0
2025-04-06T13:00:00,14.0,Clear,5.2,73,0.0
2025-04-06T14:00:00,14.6,Clear,4.7,65,0.0
2025-04-06T15:00:00,13.3,Clear,9.9,60,0.0
2025-04-06T16:00:00,13.4,Clear,9.7,61,0.0
2025-04-06T17:00:00,10.5,Clear,4.9,72,0.0
2025-04-06T18:00:00,10.5,Clear,4.3,83,0.0
2025-04-06T19:00:00,10.5,Clear,2.4,85,0.0
2025-04-06T20:00:00,10.5,Clear,9.4,85,0.0
2025-04-06T21:00:00,10.5,Clear,4.3,78,0.0
2025-04-06T22:00:00,10.5,Clear,7.9,63,0.0
2025-04-06T23:00:00,10.5,Clear,5.7,78,0.0
2025-04-05T00:00:00,4.5,Fog,6.6,81,0.0
2025-04-05T01:00:00,5.7,Fog,6.1,69,0.0
2025-04-05T02:00:00,4.6,Fog,8.7,76,0.0
2025-04-05T03:00:00,4.3,Fog,2.5,74,0.0
2025-04-05T04:00:00,3.9,Fog,9.7,68,0.0
2025-04-05T05:00:00,5.1,Fog,3.6,62,0.0
2025-04-05T06:00:00,7.7,Fog,3.5,82,0.0
2025-04-05T07:00:00,7.7,Fog,6.2,68,0.0
2025-04-05T08:00:00,7.7,Fog,3.9,68,0.0
2025-04-05T09:00:00,7.7,Fog,4.0,70,0.0
2025-04-05T10:00:00,10.6,Fog,5.9,86,0.0
2025-04-05T11:00:00,11.9,Fog,9.7,74,0.0
2025-04-05T12:00:00,10.0,Fog,2.4,62,0.0
2025-04-05T13:00:00,10.2,Fog,7.7,86,0.0
2025-04-05T14:00:00,10.8,Fog,5.7,73,0.0
2025-04-05T15:00:00,11.7,Fog,7.6,76,0.0
2025-04-05T16:00:00,12.1,Fog,3.0,90,0.0
2025-04-05T17:00:00,7.7,Fog,4.2,84,0.0
2025-04-05T18:00:00,7.7,Fog,5.4,71,0.0
2025-04-05T19:00:00,7.7,Fog,7.4,75,0.0
2025-04-05T20:00:00,7.7,Fog,6.6,71,0.0
2025-04-05T21:00:00,7.7,Fog,2.5,84,0.0
2025-04-05T22:00:00,7.7,Fog,9.3,63,0.0
2025-04-05T23:00:00,7.7,Fog,4.2,82,0.0
2025-04-04T00:00:00,12.5,Cloudy,9.8,74,0.0
2025-04-04T01:00:00,12.2,Cloudy,9.7,77,0.0
2025-04-04T02:00:00,12.9,Cloudy,7.3,64,0.0
2025-04-04T03:00:00,14.3,Cloudy,9.8,67,0.0
2025-04-04T04:00:00,12.1,Cloudy,3.2,78,0.0
2025-04-04T05:00:00,13.4,Cloudy,3.2,74,0.0
2025-04-04T06:00:00,16.4,Cloudy,8.3,80,0.0
2025-04-04T07:00:00,16.4,Cloudy,6.1,69,0.0
2025-04-04T08:00:00,16.4,Cloudy,6.9,63,0.0
2025-04-04T09:00:00,16.4,Cloudy,9.2,84,0.0
2025-04-04T10:00:00,19.9,Cloudy,6.8,77,0.0
2025-04-04T11:00:00,18.8,Cloudy,2.5,73,0.0
2025-04-04T12:00:00,19.5,Cloudy,8.2,76,0.0
2025-04-04T13:00:00,20.7,Cloudy,7.5,70,0.0
2025-04-04T14:00:00,20.8,Cloudy,6.9,62,0.0
2025-04-04T15:00:00,19.6,Cloudy,9.0,78,0.0
2025-04-04T16:00:00,19.0,Cloudy,6.5,65,0.0
2025-04-04T17:00:00,16.4,Cloudy,5.4,88,0.0
2025-04-04T18:00:00,16.4,Cloudy,4.8,68,0.0
2025-04-04T19:00:00,16.4,Cloudy,8.4,83,0.0
2025-04-04T20:00:00,16.4,Cloudy,5.0,76,0.0
2025-04-04T21:00:00,16.4,Cloudy,3.0,90,0.0
2025-04-04T22:00:00,16.4,Cloudy,2.3,75,0.0
2025-04-04T23:00:00,16.4,Cloudy,3.7,72,0.0
2025-04-03T00:00:00,3.2,Clear,6.7,72,0.0
2025-04-03T01:00:00,2.7,Clear,5.9,77,0.0
2025-04-03T02:00:00,0.8,Clear,4.0,64,0.0
2025-04-03T03:00:00,2.9,Clear,7.5,64,0.0
2025-04-03T04:00:00,0.6,Clear,6.0,84,0.0
2025-04-03T05:00:00,1.0,Clear,8.7,88,0.0
2025-04-03T06:00:00,5.6,Clear,7.7,87,0.0
2025-04-03T07:00:00,5.6,Clear,3.4,77,0.0
2025-04-03T08:00:00,5.6,Clear,3.6,64,0.0
2025-04-03T09:00:00,5.6,Clear,6.0,81,0.0
2025-04-03T10:00:00,8.1,Clear,6.8,66,0.0
2025-04-03T11:00:00,10.0,Clear,3.7,65,0.0
2025-04-03T12:00:00,10.6,Clear,7.5,75,0.0
2025-04-03T13:00:00,9.3,Clear,6.0,88,0.0
2025-04-03T14:00:00,8.2,Clear,2.8,82,0.0
2025-04-03T15:00:00,10.6,Clear,8.0,78,0.0
2025-04-03T16:00:00,9.4,Clear,8.1,73,0.0
2025-04-03T17:00:00,5.6,Clear,8.6,61,0.0
2025-04-03T18:00:00,5.6,Clear,8.8,76,0.0
2025-04-03T19:00:00,5.6,Clear,8.8,71,0.0
2025-04-03T20:00:00,5.6,Clear,7.8,78,0.0
2025-04-03T21:00:00,5.6,Clear,9.8,67,0.0
2025-04-03T22:00:00,5.6,Clear,9.4,78,0.0
2025-04-03T23:00:00,5.6,Clear,2.7,62,0.0
2025-04-02T00:00:00,7.9,Clear,6.5,88,0.0
2025-04-02T01:00:00,8.3,Clear,5.4,66,0.0
2025-04-02T02:00:00,7.3,Clear,6.8,88,0.0
2025-04-02T03:00:00,6.9,Clear,8.3,84,0.0
2025-04-02T04:00:00,7.7,Clear,9.9,90,0.0
2025-04-02T05:00:00,7.0,Clear,3.2,78,0.0
2025-04-02T06:00:00,11.8,Clear,8.1,81,0.0
2025-04-02T07:00:00,11.8,Clear,3.0,71,0.0
2025-04-02T08:00:00,11.8,Clear,9.0,68,0.0
2025-04-02T09:00:00,11.8,Clear,8.9,72,0.0
2025-04-02T10:00:00,14.9,Clear,5.9,62,0.0
2025-04-02T11:00:00,16.6,Clear,9.7,71,0.0
2025-04-02T12:00:00,16.8,Clear,4.8,78,0.0
2025-04-02T13:00:00,14.7,Clear,8.9,75,0.0
2025-04-02T14:00:00,14.1,Clear,3.2,88,0.0
2025-04-02T15:00:00,15.4,Clear,9.1,71,0.0
2025-04-02T16:00:00,14.6,Clear,4.0,67,0.0
2025-04-02T17:00:00,11.8,Clear,2.7,62,0.0
2025-04-02T18:00:00,11.8,Clear,5.0,88,0.0
2025-04-02T19:00:00,11.8,Clear,8.1,75,0.0
2025-04-02T20:00:00,11.8,Clear,6.9,88,0.0
2025-04-02T21:00:00,11.8,Clear,5.7,82,0.0
2025-04-02T22:00:00,11.8,Clear,2.8,72,0.0
2025-04-02T23:00:00,11.8,Clear,3.8,79,0.0
2025-04-01T00:00:00,11.3,Rain,7.2,76,0.28
2025-04-01T01:00:00,12.3,Rain,6.7,81,0.42
2025-04-01T02:00:00,11.4,Rain,3.1,89,0.25
2025-04-01T03:00:00,12.1,Rain,7.0,87,0.5
2025-04-01T04:00:00,10.4,Rain,7.9,75,0.51
2025-04-01T05:00:00,11.7,Rain,4.8,60,0.25
2025-04-01T06:00:00,14.7,Rain,8.5,82,0.42
2025-04-01T07:00:00,14.7,Rain,6.2,70,0.37
2025-04-01T08:00:00,14.7,Rain,7.8,79,0.37
2025-04-01T09:00:00,14.7,Rain,9.8,68,0.53
2025-04-01T10:00:00,17.4,Rain,3.4,70,0.28
2025-04-01T11:00:00,18.0,Rain,5.4,67,0.51
2025-04-01T12:00:00,17.4,Rain,3.7,73,0.38
2025-04-01T13:00:00,19.3,Rain,7.8,72,0.43
2025-04-01T14:00:00,17.4,Rain,7.1,63,0.34
2025-04-01T15:00:00,19.0,Rain,5.1,74,0.48
2025-04-01T16:00:00,18.6,Rain,9.2,83,0.27
2025-04-01T17:00:00,14.7,Rain,6.0,78,0.15
2025-04-01T18:00:00,14.7,Rain,4.8,61,0.11
2025-04-01T19:00:00,14.7,Rain,3.5,75,0.29
2025-04-01T20:00:00,14.7,Rain,3.4,87,0.43
2025-04-01T21:00:00,14.7,Rain,7.7,65,0.32
2025-04-01T22:00:00,14.7,Rain,2.2,83,0.57
2025-04-01T23:00:00,14.7,Rain,2.4,66,0.15
2025-03-31T00:00:00,7.8,Cloudy,7.5,83,0.0
2025-03-31T01:00:00,8.0,Cloudy,5.5,67,0.0
2025-03-31T02:00:00,8.6,Cloudy,6.3,76,0.0
2025-03-31T03:00:00,8.6,Cloudy,6.6,71,0.0
2025-03-31T04:00:00,8.7,Cloudy,7.5,70,0.0
2025-03-31T05:00:00,6.3,Cloudy,9.2,89,0.0
2025-03-31T06:00:00,11.0,Cloudy,7.6,73,0.0
2025-03-31T07:00:00,11.0,Cloudy,4.8,75,0.0
2025-03-31T08:00:00,11.0,Cloudy,9.7,70,0.0
2025-03-31T09:00:00,11.0,Cloudy,4.6,73,0.0
2025-03-31T10:00:00,14.0,Cloudy,5.6,80,0.0
2025-03-31T11:00:00,14.5,Cloudy,8.5,69,0.0
2025-03-31T12:00:00,13.6,Cloudy,8.0,71,0.0
2025-03-31T13:00:00,15.2,Cloudy,2.1,65,0.0
2025-03-31T14:00:00,14.9,Cloudy,4.8,62,0.0
2025-03-31T15:00:00,15.6,Cloudy,8.2,88,0.0
2025-03-31T16:00:00,15.8,Cloudy,3.0,78,0.0
2025-03-31T17:00:00,11.0,Cloudy,6.9,80,0.0
2025-03-31T18:00:00,11.0,Cloudy,4.1,86,0.0
2025-03-31T19:00:00,11.0,Cloudy,5.2,71,0.0
2025-03-31T20:00:00,11.0,Cloudy,9.7,78,0.0
2025-03-31T21:00:00,11.0,Cloudy,3.3,84,0.0
2025-03-31T22:00:00,11.0,Cloudy,2.7,79,0.0
2025-03-31T23:00:00,11.0,Cloudy,4.6,77,0.0
2025-03-30T00:00:00,-0.7,Fog,2.3,77,0.0
2025-03-30T01:00:00,-2.2,Fog,6.8,86,0.0
2025-03-30T02:00:00,-0.2,Fog,9.8,70,0.0
2025-03-30T03:00:00,-2.2,Fog,8.1,82,0.0
2025-03-30T04:00:00,-2.2,Fog,7.3,82,0.0
2025-03-30T05:00:00,0.4,Fog,3.0,68,0.0
2025-03-30T06:00:00,2.6,Fog,8.3,80,0.0
2025-03-30T07:00:00,2.6,Fog,2.5,73,0.0
2025-03-30T08:00:00,2.6,Fog,6.6,65,0.0
2025-03-30T09:00:00,2.6,Fog,7.4,64,0.0
2025-03-30T10:00:00,4.6,Fog,5.5,76,0.0
2025-03-30T11:00:00,6.5,Fog,4.4,86,0.0
2025-03-30T12:00:00,6.4,Fog,5.0,90,0.0
2025-03-30T13:00:00,6.3,Fog,6.5,60,0.0
2025-03-30T14:00:00,6.5,Fog,7.7,82,0.0
2025-03-30T15:00:00,6.5,Fog,9.3,68,0.0
2025-03-30T16:00:00,5.0,Fog,4.5,78,0.0
2025-03-30T17:00:00,2.6,Fog,8.6,78,0.0
2025-03-30T18:00:00,2.6,Fog,9.7,62,0.0
2025-03-30T19:00:00,2.6,Fog,8.3,84,0.0
2025-03-30T20:00:00,2.6,Fog,2.3,75,0.0
2025-03-30T21:00:00,2.6,Fog,2.4,73,0.0
2025-03-30T22:00:00,2.6,Fog,6.7,90,0.0
2025-03-30T23:00:00,2.6,Fog,5.5,71,0.0
2025-03-29T00:00:00,7.1,Clear,8.9,79,0.0
2025-03-29T01:00:00,5.5,Clear,7.8,82,0.0
2025-03-29T02:00:00,5.6,Clear,8.0,84,0.0
2025-03-29T03:00:00,5.9,Clear,2.3,69,0.0
2025-03-29T04:00:00,4.8,Clear,5.1,62,0.0
2025-03-29T05:00:00,6.8,Clear,6.6,85,0.0
2025-03-29T06:00:00,9.6,Clear,6.2,79,0.0
2025-03-29T07:00:00,9.6,Clear,7.1,68,0.0
2025-03-29T08:00:00,9.6,Clear,8.8,90,0.0
2025-03-29T09:00:00,9.6,Clear,8.9,64,0.0
2025-03-29T10:00:00,13.9,Clear,2.3,81,0.0
2025-03-29T11:00:00,13.2,Clear,2.5,84,0.0
2025-03-29T12:00:00,13.9,Clear,6.8,89,0.0
2025-03-29T13:00:00,14.2,Clear,5.2,85,0.0
2025-03-29T14:00:00,12.1,Clear,9.8,78,0.0
2025-03-29T15:00:00,12.4,Clear,5.6,72,0.0
2025-03-29T16:00:00,12.4,Clear,9.4,66,0.0
2025-03-29T17:00:00,9.6,Clear,6.4,86,0.0
2025-03-29T18:00:00,9.6,Clear,10.0,66,0.0
2025-03-29T19:00:00,9.6,Clear,8.2,73,0.0
2025-03-29T20:00:00,9.6,Clear,3.8,71,0.0
2025-03-29T21:00:00,9.6,Clear,5.9,86,0.0
2025-03-29T22:00:00,9.6,Clear,9.5,73,0.0
2025-03-29T23:00:00,9.6,Clear,5.1,63,0.0
2025-03-28T00:00:00,-0.2,Cloudy,7.6,82,0.0
2025-03-28T01:00:00,-1.4,Cloudy,2.8,87,0.0
2025-03-28T02:00:00,-1.2,Cloudy,8.5,78,0.0
2025-03-28T03:00:00,-1.5,Cloudy,3.9,70,0.0
2025-03-28T04:00:00,-1.6,Cloudy,7.7,89,0.0
2025-03-28T05:00:00,-0.6,Cloudy,4.0,68,0.0
2025-03-28T06:00:00,1.9,Cloudy,5.6,60,0.0
2025-03-28T07:00:00,1.9,Cloudy,3.3,69,0.0
2025-03-28T08:00:00,1.9,Cloudy,4.1,66,0.0
2025-03-28T09:00:00,1.9,Cloudy,5.6,82,0.0
2025-03-28T10:00:00,4.2,Cloudy,5.2,76,0.0
2025-03-28T11:00:00,5.8,Cloudy,2.9,64,0.0
2025-03-28T12:00:00,6.4,Cloudy,4.3,68,0.0
2025-03-28T13:00:00,6.7,Cloudy,7.6,68,0.0
2025-03-28T14:00:00,4.1,Cloudy,9.4,73,0.0
2025-03-28T15:00:00,5.6,Cloudy,5.1,72,0.0
2025-03-28T16:00:00,6.7,Cloudy,5.8,66,0.0
2025-03-28T17:00:00,1.9,Cloudy,9.6,74,0.0
2025-03-28T18:00:00,1.9,Cloudy,9.4,88,0.0
2025-03-28T19:00:00,1.9,Cloudy,2.5,84,0.0
2025-03-28T20:00:00,1.9,Cloudy,2.1,81,0.0
2025-03-28T21:00:00,1.9,Cloudy,5.4,87,0.0
2025-03-28T22:00:00,1.9,Cloudy,7.5,77,0.0
2025-03-28T23:00:00,1.9,Cloudy,7.9,65,0.0
2025-03-27T00:00:00,1.2,Fog,6.1,75,0.0
2025-03-27T01:00:00,1.4,Fog,8.2,63,0.0
2025-03-27T02:00:00,-0.1,Fog,3.6,65,0.0
2025-03-27T03:00:00,0.1,Fog,8.2,62,0.0
2025-03-27T04:00:00,1.9,Fog,5.1,78,0.0
2025-03-27T05:00:00,0.4,Fog,9.3,87,0.0
2025-03-27T06:00:00,4.0,Fog,9.2,88,0.0
2025-03-27T07:00:00,4.0,Fog,2.3,62,0.0
2025-03-27T08:00:00,4.0,Fog,3.2,80,0.0
2025-03-27T09:00:00,4.0,Fog,2.9,72,0.0
2025-03-27T10:00:00,7.2,Fog,6.4,86,0.0
2025-03-27T11:00:00,8.4,Fog,8.2,67,0.0
2025-03-27T12:00:00,7.1,Fog,9.4,69,0.0
2025-03-27T13:00:00,8.3,Fog,6.5,61,0.0
2025-03-27T14:00:00,6.2,Fog,3.1,72,0.0
2025-03-27T15:00:00,7.9,Fog,3.1,82,0.0
2025-03-27T16:00:00,8.5,Fog,8.0,78,0.0
2025-03-27T17:00:00,4.0,Fog,4.0,79,0.0
2025-03-27T18:00:00,4.0,Fog,2.7,76,0.0
2025-03-27T19:00:00,4.0,Fog,5.0,84,0.0
2025-03-27T20:00:00,4.0,Fog,6.7,79,0.0
2025-03-27T21:00:00,4.0,Fog,6.3,67,0.0
2025-03-27T22:00:00,4.0,Fog,5.7,85,0.0
2025-03-27T23:00:00,4.0,Fog,5.3,81,0.0
2025-03-26T00:00:00,0.4,Rain,7.3,60,0.59
2025-03-26T01:00:00,-1.2,Rain,8.9,69,0.59
2025-03-26T02:00:00,0.3,Rain,4.2,67,0.37
2025-03-26T03:00:00,-0.8,Rain,3.1,84,0.56
2025-03-26T04:00:00,1.1,Rain,4.2,80,0.59
2025-03-26T05:00:00,0.6,Rain,3.8,70,0.56
2025-03-26T06:00:00,3.6,Rain,7.9,86,0.13
2025-03-26T07:00:00,3.6,Rain,5.5,82,0.28
2025-03-26T08:00:00,3.6,Rain,2.0,85,0.41
2025-03-26T09:00:00,3.6,Rain,2.2,67,0.14
2025-03-26T10:00:00,5.8,Rain,9.0,73,0.54
2025-03-26T11:00:00,7.6,Rain,9.7,68,0.5
2025-03-26T12:00:00,8.4,Rain,9.4,69,0.41
2025-03-26T13:00:00,7.8,Rain,6.3,76,0.36
2025-03-26T14:00:00,7.3,Rain,6.1,79,0.38
2025-03-26T15:00:00,6.5,Rain,7.7,71,0.6
2025-03-26T16:00:00,7.2,Rain,6.9,86,0.46
2025-03-26T17:00:00,3.6,Rain,7.5,81,0.55
2025-03-26T18:00:00,3.6,Rain,8.4,61,0.51
2025-03-26T19:00:00,3.6,Rain,8.9,87,0.22
2025-03-26T20:00:00,3.6,Rain,4.7,78,0.4
2025-03-26T21:00:00,3.6,Rain,4.7,67,0.16
2025-03-26T22:00:00,3.6,Rain,4.7,71,0.14
2025-03-26T23:00:00,3.6,Rain,3.1,80,0.11
2025-03-25T00:00:00,4.4,Clear,7.5,72,0.0
2025-03-25T01:00:00,4.0,Clear,6.0,68,0.0
2025-03-25T02:00:00,3.9,Clear,2.7,85,0.0
2025-03-25T03:00:00,4.1,Clear,5.0,76,0.0
2025-03-25T04:00:00,4.0,Clear,8.6,67,0.0
2025-03-25T05:00:00,5.1,Clear,3.7,76,0.0
2025-03-25T06:00:00,7.3,Clear,6.9,61,0.0
2025-03-25T07:00:00,7.3,Clear,3.5,87,0.0
2025-03-25T08:00:00,7.3,Clear,9.3,63,0.0
2025-03-25T09:00:00,7.3,Clear,4.6,69,0.0
2025-03-25T10:00:00,10.5,Clear,6.9,66,0.0
2025-03-25T11:00:00,9.6,Clear,3.0,62,0.0
2025-03-25T12:00:00,11.2,Clear,5.6,86,0.0
2025-03-25T13:00:00,9.4,Clear,7.4,69,0.0
2025-03-25T14:00:00,11.7,Clear,3.8,60,0.0
2025-03-25T15:00:00,12.1,Clear,5.5,69,0.0
2025-03-25T16:00:00,11.4,Clear,2.5,81,0.0
2025-03-25T17:00:00,7.3,Clear,5.4,77,0.0
2025-03-25T18:00:00,7.3,Clear,3.1,65,0.0
2025-03-25T19:00:00,7.3,Clear,7.3,73,0.0
2025-03-25T20:00:00,7.3,Clear,7.5,75,0.0
2025-03-25T21:00:00,7.3,Clear,6.6,70,0.0
2025-03-25T22:00:00,7.3,Clear,8.1,82,0.0
2025-03-25T23:00:00,7.3,Clear,9.7,89,0.0
2025-03-24T00:00:00,1.9,Rain,3.9,73,0.31
2025-03-24T01:00:00,3.0,Rain,4.0,72,0.26
2025-03-24T02:00:00,1.5,Rain,7.3,72,0.2
2025-03-24T03:00:00,0.7,Rain,9.1,67,0.41
2025-03-24T04:00:00,1.2,Rain,9.1,83,0.12
2025-03-24T05:00:00,2.3,Rain,2.5,81,0.32
2025-03-24T06:00:00,5.4,Rain,4.5,63,0.26
2025-03-24T07:00:00,5.4,Rain,9.6,71,0.47
2025-03-24T08:00:00,5.4,Rain,9.1,63,0.18
2025-03-24T09:00:00,5.4,Rain,7.6,81,0.1
2025-03-24T10:00:00,9.1,Rain,2.6,89,0.59
2025-03-24T11:00:00,8.9,Rain,6.3,81,0.27
2025-03-24T12:00:00,8.6,Rain,5.4,75,0.55
2025-03-24T13:00:00,8.6,Rain,6.7,81,0.34
2025-03-24T14:00:00,8.1,Rain,2.4,64,0.55
2025-03-24T15:00:00,8.9,Rain,4.7,87,0.14
2025-03-24T16:00:00,9.8,Rain,3.3,80,0.49
2025-03-24T17:00:00,5.4,Rain,5.9,65,0.21
2025-03-24T18:00:00,5.4,Rain,6.9,72,0.27
2025-03-24T19:00:00,5.4,Rain,8.8,80,0.43
2025-03-24T20:00:00,5.4,Rain,2.2,82,0.28
2025-03-24T21:00:00,5.4,Rain,3.0,73,0.28
2025-03-24T22:00:00,5.4,Rain,3.2,66,0.49
2025-03-24T23:00:00,5.4,Rain,3.0,66,0.16
2025-03-23T00:00:00,2.4,Snow,3.7,70,0.33
2025-03-23T01:00:00,0.1,Snow,2.7,84,0.27
2025-03-23T02:00:00,2.6,Snow,3.8,69,0.26
2025-03-23T03:00:00,0.2,Snow,3.5,76,0.15
2025-03-23T04:00:00,1.4,Snow,9.5,80,0.47
2025-03-23T05:00:00,2.1,Snow,3.3,61,0.44
2025-03-23T06:00:00,5.0,Snow,5.2,80,0.54
2025-03-23T07:00:00,5.0,Snow,4.8,77,0.24
2025-03-23T08:00:00,5.0,Snow,4.2,90,0.59
2025-03-23T09:00:00,5.0,Snow,7.6,86,0.42
2025-03-23T10:00:00,7.7,Snow,6.7,77,0.34
2025-03-23T11:00:00,8.3,Snow,8.3,72,0.49
2025-03-23T12:00:00,8.1,Snow,3.2,89,0.47
2025-03-23T13:00:00,9.4,Snow,3.9,75,0.58
2025-03-23T14:00:00,8.9,Snow,6.7,67,0.38
2025-03-23T15:00:00,9.5,Snow,5.3,79,0.43
2025-03-23T16:00:00,9.4,Snow,9.9,81,0.42
2025-03-23T17:00:00,5.0,Snow,3.7,78,0.43
2025-03-23T18:00:00,5.0,Snow,4.1,78,0.11
2025-03-23T19:00:00,5.0,Snow,8.6,85,0.27
2025-03-23T20:00:00,5.0,Snow,9.0,78,0.33
2025-03-23T21:00:00,5.0,Snow,8.7,62,0.25
2025-03-23T22:00:00,5.0,Snow,8.1,82,0.13
2025-03-23T23:00:00,5.0,Snow,6.7,85,0.34
2025-03-22T00:00:00,3.1,Cloudy,4.7,81,0.0
2025-03-22T01:00:00,5.7,Cloudy,6.7,74,0.0
2025-03-22T02:00:00,5.2,Cloudy,9.4,69,0.0
2025-03-22T03:00:00,3.4,Cloudy,9.2,65,0.0
2025-03-22T04:00:00,5.5,Cloudy,4.0,63,0.0
2025-03-22T05:00:00,4.8,Cloudy,2.3,90,0.0
2025-03-22T06:00:00,7.9,Cloudy,10.0,81,0.0
2025-03-22T07:00:00,7.9,Cloudy,8.3,78,0.0
2025-03-22T08:00:00,7.9,Cloudy,3.9,65,0.0
2025-03-22T09:00:00,7.9,Cloudy,9.3,81,0.0
2025-03-22T10:00:00,11.1,Cloudy,7.9,72,0.0
2025-03-22T11:00:00,11.6,Cloudy,7.3,88,0.0
2025-03-22T12:00:00,11.1,Cloudy,7.5,82,0.0
2025-03-22T13:00:00,10.4,Cloudy,4.7,75,0.0
2025-03-22T14:00:00,11.8,Cloudy,9.2,61,0.0
2025-03-22T15:00:00,12.1,Cloudy,7.6,68,0.0
2025-03-22T16:00:00,12.3,Cloudy,7.2,65,0.0
2025-03-22T17:00:00,7.9,Cloudy,3.4,65,0.0
2025-03-22T18:00:00,7.9,Cloudy,8.8,63,0.0
2025-03-22T19:00:00,7.9,Cloudy,3.1,61,0.0
2025-03-22T20:00:00,7.9,Cloudy,5.0,60,0.0
2025-03-22T21:00:00,7.9,Cloudy,5.2,89,0.0
2025-03-22T22:00:00,7.9,Cloudy,3.0,61,0.0
2025-03-22T23:00:00,7.9,Cloudy,2.7,68,0.0
2025-03-21T00:00:00,6.0,Clear,7.6,72,0.0
2025-03-21T01:00:00,5.9,Clear,8.0,71,0.0
2025-03-21T02:00:00,4.4,Clear,2.8,62,0.0
2025-03-21T03:00:00,6.1,Clear,8.4,90,0.0
2025-03-21T04:00:00,6.0,Clear,2.4,79,0.0
2025-03-21T05:00:00,4.3,Clear,2.6,90,0.0
2025-03-21T06:00:00,9.2,Clear,5.7,63,0.0
2025-03-21T07:00:00,9.2,Clear,8.8,86,0.0
2025-03-21T08:00:00,9.2,Clear,8.4,87,0.0
2025-03-21T09:00:00,9.2,Clear,7.8,62,0.0
2025-03-21T10:00:00,11.7,Clear,6.8,77,0.0
2025-03-21T11:00:00,12.1,Clear,9.6,86,0.0
2025-03-21T12:00:00,13.4,Clear,8.6,69,0.0
2025-03-21T13:00:00,12.6,Clear,5.1,82,0.0
2025-03-21T14:00:00,13.5,Clear,3.3,62,0.0
2025-03-21T15:00:00,11.5,Clear,4.0,73,0.0
2025-03-21T16:00:00,11.8,Clear,8.3,84,0.0
2025-03-21T17:00:00,9.2,Clear,9.3,74,0.0
2025-03-21T18:00:00,9.2,Clear,6.3,62,0.0
2025-03-21T19:00:00,9.2,Clear,3.2,70,0.0
2025-03-21T20:00:00,9.2,Clear,4.4,85,0.0
2025-03-21T21:00:00,9.2,Clear,5.3,64,0.0
2025-03-21T22:00:00,9.2,Clear,6.5,84,0.0
2025-03-21T23:00:00,9.2,Clear,7.8,78,0.0
2025-03-20T00:00:00,7.3,Rain,5.3,89,0.22
2025-03-20T01:00:00,6.7,Rain,4.5,71,0.48
2025-03-20T02:00:00,7.1,Rain,9.8,73,0.51
2025-03-20T03:00:00,6.5,Rain,3.8,72,0.14
2025-03-20T04:00:00,6.7,Rain,7.5,84,0.23
2025-03-20T05:00:00,6.2,Rain,3.6,68,0.47
2025-03-20T06:00:00,11.0,Rain,5.7,83,0.16
2025-03-20T07:00:00,11.0,Rain,2.8,85,0.37
2025-03-20T08:00:00,11.0,Rain,3.8,90,0.23
2025-03-20T09:00:00,11.0,Rain,5.3,88,0.25
2025-03-20T10:00:00,14.8,Rain,4.1,85,0.59
2025-03-20T11:00:00,14.7,Rain,2.6,74,0.44
2025-03-20T12:00:00,15.4,Rain,4.1,84,0.34
2025-03-20T13:00:00,13.8,Rain,5.4,86,0.5
2025-03-20T14:00:00,15.8,Rain,9.7,70,0.14
2025-03-20T15:00:00,15.7,Rain,3.4,73,0.49
2025-03-20T16:00:00,14.1,Rain,4.2,66,0.49
2025-03-20T17:00:00,11.0,Rain,3.6,78,0.41
2025-03-20T18:00:00,11.0,Rain,5.4,63,0.57
2025-03-20T19:00:00,11.0,Rain,8.9,85,0.34
2025-03-20T20:00:00,11.0,Rain,8.1,63,0.45
2025-03-20T21:00:00,11.0,Rain,10.0,83,0.13
2025-03-20T22:00:00,11.0,Rain,9.8,89,0.4
2025-03-20T23:00:00,11.0,Rain,2.1,81,0.1
2025-03-19T00:00:00,7.1,Clear,6.2,89,0.0
2025-03-19T01:00:00,6.6,Clear,3.6,61,0.0
2025-03-19T02:00:00,8.7,Clear,9.5,85,0.0
2025-03-19T03:00:00,9.1,Clear,3.2,83,0.0
2025-03-19T04:00:00,6.6,Clear,7.2,72,0.0
2025-03-19T05:00:00,7.8,Clear,6.6,76,0.0
2025-03-19T06:00:00,11.1,Clear,9.2,86,0.0
2025-03-19T07:00:00,11.1,Clear,5.6,89,0.0
2025-03-19T08:00:00,11.1,Clear,7.7,70,0.0
2025-03-19T09:00:00,11.1,Clear,8.8,77,0.0
2025-03-19T10:00:00,14.3,Clear,5.6,71,0.0
2025-03-19T11:00:00,13.3,Clear,6.0,85,0.0
2025-03-19T12:00:00,13.7,Clear,6.9,64,0.0
2025-03-19T13:00:00,13.5,Clear,6.0,61,0.0
2025-03-19T14:00:00,16.0,Clear,2.2,67,0.0
2025-03-19T15:00:00,13.2,Clear,4.7,85,0.0
2025-03-19T16:00:00,15.7,Clear,2.6,64,0.0
2025-03-19T17:00:00,11.1,Clear,2.7,61,0.0
2025-03-19T18:00:00,11.1,Clear,2.8,71,0.0
2025-03-19T19:00:00,11.1,Clear,6.8,79,0.0
2025-03-19T20:00:00,11.1,Clear,9.5,74,0.0
2025-03-19T21:00:00,11.1,Clear,2.7,62,0.0
2025-03-19T22:00:00,11.1,Clear,2.5,84,0.0
2025-03-19T23:00:00,11.1,Clear,8.4,70,0.0
2025-03-18T00:00:00,-1.9,Clear,6.8,88,0.0
2025-03-18T01:00:00,-2.4,Clear,2.9,83,0.0
2025-03-18T02:00:00,-4.7,Clear,5.5,62,0.0
2025-03-18T03:00:00,-2.1,Clear,7.9,63,0.0
2025-03-18T04:00:00,-1.7,Clear,7.4,81,0.0
2025-03-18T05:00:00,-2.8,Clear,2.2,72,0.0
2025-03-18T06:00:00,0.3,Clear,6.5,62,0.0
2025-03-18T07:00:00,0.3,Clear,8.6,65,0.0
2025-03-18T08:00:00,0.3,Clear,2.2,90,0.0
2025-03-18T09:00:00,0.3,Clear,4.3,84,0.0
2025-03-18T10:00:00,4.0,Clear,8.0,62,0.0
2025-03-18T11:00:00,2.5,Clear,3.2,76,0.0
2025-03-18T12:00:00,5.1,Clear,3.7,80,0.0
2025-03-18T13:00:00,2.5,Clear,3.7,77,0.0
2025-03-18T14:00:00,2.5,Clear,9.8,69,0.0
2025-03-18T15:00:00,3.5,Clear,6.8,85,0.0
2025-03-18T16:00:00,3.6,Clear,2.7,71,0.0
2025-03-18T17:00:00,0.3,Clear,8.4,89,0.0
2025-03-18T18:00:00,0.3,Clear,7.7,80,0.0
2025-03-18T19:00:00,0.3,Clear,3.1,63,0.0
2025-03-18T20:00:00,0.3,Clear,6.7,81,0.0
2025-03-18T21:00:00,0.3,Clear,2.5,74,0.0
2025-03-18T22:00:00,0.3,Clear,4.8,89,0.0
2025-03-18T23:00:00,0.3,Clear,6.7,69,0.0
2025-03-17T00:00:00,6.9,Snow,4.9,68,0.15
2025-03-17T01:00:00,7.5,Snow,5.8,79,0.54
2025-03-17T02:00:00,7.3,Snow,7.4,61,0.3
2025-03-17T03:00:00,6.5,Snow,8.6,67,0.39
2025-03-17T04:00:00,8.1,Snow,9.8,77,0.35
2025-03-17T05:00:00,7.2,Snow,4.7,84,0.28
2025-03-17T06:00:00,10.9,Snow,7.9,81,0.45
2025-03-17T07:00:00,10.9,Snow,5.0,74,0.36
2025-03-17T08:00:00,10.9,Snow,7.5,67,0.47
2025-03-17T09:00:00,10.9,Snow,9.3,87,0.13
2025-03-17T10:00:00,15.9,Snow,2.6,86,0.34
2025-03-17T11:00:00,13.7,Snow,3.3,83,0.13
2025-03-17T12:00:00,14.5,Snow,3.0,86,0.37
2025-03-17T13:00:00,15.8,Snow,5.9,77,0.44
2025-03-17T14:00:00,15.1,Snow,6.2,87,0.13
2025-03-17T15:00:00,14.4,Snow,7.0,66,0.12
2025-03-17T16:00:00,15.2,Snow,4.3,84,0.34
2025-03-17T17:00:00,10.9,Snow,3.8,66,0.59
2025-03-17T18:00:00,10.9,Snow,8.7,82,0.27
2025-03-17T19:00:00,10.9,Snow,9.7,73,0.27
2025-03-17T20:00:00,10.9,Snow,2.1,73,0.39
2025-03-17T21:00:00,10.9,Snow,7.2,62,0.13
2025-03-17T22:00:00,10.9,Snow,4.3,66,0.21
2025-03-17T23:00:00,10.9,Snow,4.0,74,0.45
2025-03-16T00:00:00,-2.2,Cloudy,9.3,63,0.0
2025-03-16T01:00:00,-2.3,Cloudy,2.5,79,0.0
2025-03-16T02:00:00,-1.6,Cloudy,6.2,78,0.0
2025-03-16T03:00:00,-3.2,Cloudy,8.7,80,0.0
2025-03-16T04:00:00,-0.9,Cloudy,2.7,78,0.0
2025-03-16T05:00:00,-2.1,Cloudy,9.3,82,0.0
2025-03-16T06:00:00,1.6,Cloudy,5.4,78,0.0
2025-03-16T07:00:00,1.6,Cloudy,7.8,86,0.0
2025-03-16T08:00:00,1.6,Cloudy,7.1,70,0.0
2025-03-16T09:00:00,1.6,Cloudy,2.3,83,0.0
2025-03-16T10:00:00,6.1,Cloudy,3.5,83,0.0
2025-03-16T11:00:00,5.6,Cloudy,9.8,63,0.0
2025-03-16T12:00:00,4.7,Cloudy,9.9,82,0.0
2025-03-16T13:00:00,3.8,Cloudy,2.6,87,0.0
2025-03-16T14:00:00,4.8,Cloudy,8.8,71,0.0
2025-03-16T15:00:00,5.7,Cloudy,9.8,67,0.0
2025-03-16T16:00:00,3.7,Cloudy,6.4,82,0.0
2025-03-16T17:00:00,1.6,Cloudy,3.0,80,0.0
2025-03-16T18:00:00,1.6,Cloudy,9.0,75,0.0
2025-03-16T19:00:00,1.6,Cloudy,8.1,71,0.0
2025-03-16T20:00:00,1.6,Cloudy,2.9,68,0.0
2025-03-16T21:00:00,1.6,Cloudy,9.4,83,0.0
2025-03-16T22:00:00,1.6,Cloudy,7.4,80,0.0
2025-03-16T23:00:00,1.6,Cloudy,6.9,69,0.0
2025-03-15T00:00:00,4.4,Rain,2.1,88,0.3
2025-03-15T01:00:00,6.9,Rain,5.6,85,0.48
2025-03-15T02:00:00,5.4,Rain,9.9,63,0.56
2025-03-15T03:00:00,5.9,Rain,8.8,87,0.19
2025-03-15T04:00:00,4.4,Rain,7.7,90,0.19
2025-03-15T05:00:00,5.6,Rain,7.1,90,0.29
2025-03-15T06:00:00,9.0,Rain,7.0,81,0.26
2025-03-15T07:00:00,9.0,Rain,2.9,72,0.31
2025-03-15T08:00:00,9.0,Rain,7.1,78,0.21
2025-03-15T09:00:00,9.0,Rain,4.3,85,0.49
2025-03-15T10:00:00,11.1,Rain,6.5,68,0.36
2025-03-15T11:00:00,13.1,Rain,2.7,74,0.15
2025-03-15T12:00:00,11.0,Rain,6.6,61,0.52
2025-03-15T13:00:00,11.2,Rain,3.9,78,0.47
2025-03-15T14:00:00,11.3,Rain,8.8,77,0.2
2025-03-15T15:00:00,13.1,Rain,3.8,82,0.18
2025-03-15T16:00:00,11.2,Rain,7.2,62,0.39
2025-03-15T17:00:00,9.0,Rain,7.6,77,0.39
2025-03-15T18:00:00,9.0,Rain,3.5,62,0.39
2025-03-15T19:00:00,9.0,Rain,8.9,89,0.22
2025-03-15T20:00:00,9.0,Rain,2.0,82,0.57
2025-03-15T21:00:00,9.0,Rain,5.7,87,0.5
2025-03-15T22:00:00,9.0,Rain,5.0,73,0.33
2025-03-15T23:00:00,9.0,Rain,4.8,87,0.11
2025-03-14T00:00:00,3.7,Clear,2.5,81,0.0
2025-03-14T01:00:00,5.3,Clear,6.9,69,0.0
2025-03-14T02:00:00,3.8,Clear,2.9,84,0.0
2025-03-14T03:00:00,3.6,Clear,9.4,66,0.0
2025-03-14T04:00:00,4.1,Clear,8.8,68,0.0
2025-03-14T05:00:00,3.5,Clear,5.5,76,0.0
2025-03-14T06:00:00,7.3,Clear,7.2,81,0.0
2025-03-14T07:00:00,7.3,Clear,2.2,66,0.0
2025-03-14T08:00:00,7.3,Clear,6.8,75,0.0
2025-03-14T09:00:00,7.3,Clear,3.4,81,0.0
2025-03-14T10:00:00,10.9,Clear,8.9,65,0.0
2025-03-14T11:00:00,12.2,Clear,7.8,66,0.0
2025-03-14T12:00:00,10.6,Clear,3.9,86,0.0
2025-03-14T13:00:00,10.1,Clear,4.4,72,0.0
2025-03-14T14:00:00,10.0,Clear,6.6,88,0.0
2025-03-14T15:00:00,9.9,Clear,8.4,71,0.0
2025-03-14T16:00:00,11.5,Clear,2.9,85,0.0
2025-03-14T17:00:00,7.3,Clear,4.6,68,0.0
2025-03-14T18:00:00,7.3,Clear,8.5,88,0.0
2025-03-14T19:00:00,7.3,Clear,9.8,64,0.0
2025-03-14T20:00:00,7.3,Clear,7.9,87,0.0
2025-03-14T21:00:00,7.3,Clear,7.6,72,0.0
2025-03-14T22:00:00,7.3,Clear,3.6,72,0.0
2025-03-14T23:00:00,7.3,Clear,5.5,68,0.0
2025-03-13T00:00:00,5.2,Rain,5.6,65,0.21
2025-03-13T01:00:00,7.7,Rain,4.5,65,0.3
2025-03-13T02:00:00,6.3,Rain,4.3,62,0.45
2025-03-13T03:00:00,6.7,Rain,4.9,87,0.5
2025-03-13T04:00:00,6.9,Rain,8.9,80,0.27
2025-03-13T05:00:00,6.4,Rain,3.3,78,0.4
2025-03-13T06:00:00,9.9,Rain,4.0,65,0.14
2025-03-13T07:00:00,9.9,Rain,9.6,85,0.59
2025-03-13T08:00:00,9.9,Rain,9.9,79,0.33
2025-03-13T09:00:00,9.9,Rain,3.9,86,0.54
2025-03-13T10:00:00,14.7,Rain,4.6,78,0.15
2025-03-13T11:00:00,13.9,Rain,6.1,83,0.21
2025-03-13T12:00:00,12.5,Rain,9.2,84,0.5
2025-03-13T13:00:00,14.5,Rain,3.8,85,0.23
2025-03-13T14:00:00,12.8,Rain,7.3,62,0.4
2025-03-13T15:00:00,13.1,Rain,3.1,89,0.4
2025-03-13T16:00:00,13.8,Rain,9.9,70,0.56
2025-03-13T17:00:00,9.9,Rain,3.2,67,0.33
2025-03-13T18:00:00,9.9,Rain,6.9,64,0.56
2025-03-13T19:00:00,9.9,Rain,2.1,87,0.53
2025-03-13T20:00:00,9.9,Rain,7.5,63,0.52
2025-03-13T21:00:00,9.9,Rain,7.1,70,0.37
2025-03-13T22:00:00,9.9,Rain,4.5,83,0.58
2025-03-13T23:00:00,9.9,Rain,8.6,76,0.53
2025-03-12T00:00:00,7.0,Clear,3.4,69,0.0
2025-03-12T01:00:00,5.5,Clear,4.6,69,0.0
2025-03-12T02:00:00,7.3,Clear,6.6,83,0.0
2025-03-12T03:00:00,6.3,Clear,9.5,61,0.0
2025-03-12T04:00:00,7.0,Clear,2.7,62,0.0
2025-03-12T05:00:00,5.0,Clear,2.3,61,0.0
2025-03-12T06:00:00,10.0,Clear,8.6,73,0.0
2025-03-12T07:00:00,10.0,Clear,8.1,75,0.0
2025-03-12T08:00:00,10.0,Clear,6.4,69,0.0
2025-03-12T09:00:00,10.0,Clear,7.4,81,0.0
2025-03-12T10:00:00,14.9,Clear,4.8,70,0.0
2025-03-12T11:00:00,12.5,Clear,6.9,81,0.0
2025-03-12T12:00:00,13.4,Clear,4.4,72,0.0
2025-03-12T13:00:00,12.2,Clear,3.5,81,0.0
2025-03-12T14:00:00,12.4,Clear,4.6,74,0.0
2025-03-12T15:00:00,14.9,Clear,6.3,77,0.0
2025-03-12T16:00:00,12.3,Clear,8.1,73,0.0
2025-03-12T17:00:00,10.0,Clear,6.9,87,0.0
2025-03-12T18:00:00,10.0,Clear,2.3,63,0.0
2025-03-12T19:00:00,10.0,Clear,4.0,82,0.0
2025-03-12T20:00:00,10.0,Clear,2.5,85,0.0
2025-03-12T21:00:00,10.0,Clear,6.2,60,0.0
2025-03-12T22:00:00,10.0,Clear,9.8,81,0.0
2025-03-12T23:00:00,10.0,Clear,7.1,72,0.0
2025-03-11T00:00:00,6.2,Cloudy,4.5,77,0.0
2025-03-11T01:00:00,8.9,Cloudy,9.6,80,0.0
2025-03-11T02:00:00,7.5,Cloudy,4.6,82,0.0
2025-03-11T03:00:00,7.2,Cloudy,7.6,68,0.0
2025-03-11T04:00:00,8.1,Cloudy,4.1,81,0.0
2025-03-11T05:00:00,6.4,Cloudy,7.4,84,0.0
2025-03-11T06:00:00,10.9,Cloudy,2.9,72,0.0
2025-03-11T07:00:00,10.9,Cloudy,9.7,73,0.0
2025-03-11T08:00:00,10.9,Cloudy,7.2,86,0.0
2025-03-11T09:00:00,10.9,Cloudy,9.5,80,0.0
2025-03-11T10:00:00,14.0,Cloudy,9.9,75,0.0
2025-03-11T11:00:00,13.6,Cloudy,4.3,80,0.0
2025-03-11T12:00:00,15.9,Cloudy,6.6,62,0.0
2025-03-11T13:00:00,14.9,Cloudy,10.0,64,0.0
2025-03-11T14:00:00,15.5,Cloudy,5.0,80,0.0
2025-03-11T15:00:00,15.4,Cloudy,7.5,65,0.0
2025-03-11T16:00:00,15.7,Cloudy,3.3,89,0.0
2025-03-11T17:00:00,10.9,Cloudy,3.5,82,0.0
2025-03-11T18:00:00,10.9,Cloudy,5.7,81,0.0
2025-03-11T19:00:00,10.9,Cloudy,5.9,70,0.0
2025-03-11T20:00:00,10.9,Cloudy,7.7,76,0.0
2025-03-11T21:00:00,10.9,Cloudy,7.1,61,0.0
2025-03-11T22:00:00,10.9,Cloudy,7.6,88,0.0
2025-03-11T23:00:00,10.9,Cloudy,2.8,79,0.0
2025-03-10T00:00:00,5.5,Rain,8.3,79,0.38
2025-03-10T01:00:00,5.2,Rain,3.4,81,0.19
2025-03-10T02:00:00,3.6,Rain,5.2,76,0.18
2025-03-10T03:00:00,5.4,Rain,7.7,84,0.38
2025-03-10T04:00:00,4.4,Rain,2.8,71,0.36
2025-03-10T05:00:00,4.2,Rain,5.2,69,0.36
2025-03-10T06:00:00,7.7,Rain,3.3,76,0.2
2025-03-10T07:00:00,7.7,Rain,6.7,86,0.44
2025-03-10T08:00:00,7.7,Rain,10.0,80,0.24
2025-03-10T09:00:00,7.7,Rain,3.9,85,0.14
2025-03-10T10:00:00,12.5,Rain,7.4,72,0.42
2025-03-10T11:00:00,10.3,Rain,5.8,73,0.24
2025-03-10T12:00:00,10.2,Rain,6.7,86,0.23
2025-03-10T13:00:00,11.1,Rain,9.5,73,0.35
2025-03-10T14:00:00,12.5,Rain,7.3,69,0.59
2025-03-10T15:00:00,12.6,Rain,8.9,75,0.43
2025-03-10T16:00:00,11.3,Rain,5.8,83,0.56
2025-03-10T17:00:00,7.7,Rain,2.1,77,0.3
2025-03-10T18:00:00,7.7,Rain,8.8,73,0.48
2025-03-10T19:00:00,7.7,Rain,9.3,67,0.31
2025-03-10T20:00:00,7.7,Rain,2.1,79,0.28
2025-03-10T21:00:00,7.7,Rain,9.3,60,0.5
2025-03-10T22:00:00,7.7,Rain,9.4,63,0.15
2025-03-10T23:00:00,7.7,Rain,4.0,65,0.53
2025-03-09T00:00:00,-2.5,Clear,5.5,88,0.0
2025-03-09T01:00:00,-1.3,Clear,9.4,62,0.0
2025-03-09T02:00:00,-1.5,Clear,8.1,87,0.0
2025-03-09T03:00:00,-1.2,Clear,8.8,61,0.0
2025-03-09T04:00:00,-0.4,Clear,9.2,89,0.0
2025-03-09T05:00:00,-1.9,Clear,5.1,66,0.0
2025-03-09T06:00:00,2.3,Clear,3.8,72,0.0
2025-03-09T07:00:00,2.3,Clear,7.0,86,0.0
2025-03-09T08:00:00,2.3,Clear,4.5,72,0.0
2025-03-09T09:00:00,2.3,Clear,7.0,77,0.0
2025-03-09T10:00:00,6.6,Clear,8.7,85,0.0
2025-03-09T11:00:00,5.5,Clear,4.9,77,0.0
2025-03-09T12:00:00,5.7,Clear,6.3,67,0.0
2025-03-09T13:00:00,5.6,Clear,4.9,63,0.0
2025-03-09T14:00:00,6.8,Clear,3.5,86,0.0
2025-03-09T15:00:00,6.2,Clear,2.7,66,0.0
2025-03-09T16:00:00,4.7,Clear,7.5,64,0.0
2025-03-09T17:00:00,2.3,Clear,8.4,77,0.0
2025-03-09T18:00:00,2.3,Clear,9.1,78,0.0
2025-03-09T19:00:00,2.3,Clear,2.5,81,0.0
2025-03-09T20:00:00,2.3,Clear,5.0,81,0.0
2025-03-09T21:00:00,2.3,Clear,9.9,63,0.0
2025-03-09T22:00:00,2.3,Clear,7.4,85,0.0
2025-03-09T23:00:00,2.3,Clear,7.8,83,0.0
2025-03-08T00:00:00,-1.0,Snow,8.6,86,0.33
2025-03-08T01:00:00,-0.9,Snow,9.1,88,0.57
2025-03-08T02:00:00,-0.6,Snow,7.4,71,0.45
2025-03-08T03:00:00,0.0,Snow,4.1,66,0.3
2025-03-08T04:00:00,-1.9,Snow,8.5,82,0.29
2025-03-08T05:00:00,-2.0,Snow,6.6,85,0.49
2025-03-08T06:00:00,2.6,Snow,2.8,86,0.53
2025-03-08T07:00:00,2.6,Snow,2.7,88,0.17
2025-03-08T08:00:00,2.6,Snow,9.4,80,0.36
2025-03-08T09:00:00,2.6,Snow,4.1,81,0.59
2025-03-08T10:00:00,4.7,Snow,8.3,71,0.21
2025-03-08T11:00:00,6.1,Snow,5.8,84,0.6
2025-03-08T12:00:00,6.7,Snow,3.4,77,0.23
2025-03-08T13:00:00,6.7,Snow,3.4,71,0.6
2025-03-08T14:00:00,6.8,Snow,2.8,76,0.12
2025-03-08T15:00:00,7.4,Snow,4.1,83,0.33
2025-03-08T16:00:00,6.3,Snow,9.3,72,0.56
2025-03-08T17:00:00,2.6,Snow,5.2,86,0.36
2025-03-08T18:00:00,2.6,Snow,6.1,82,0.53
2025-03-08T19:00:00,2.6,Snow,8.2,77,0.47
2025-03-08T20:00:00,2.6,Snow,4.4,88,0.36
2025-03-08T21:00:00,2.6,Snow,5.4,78,0.12
2025-03-08T22:00:00,2.6,Snow,8.2,71,0.37
2025-03-08T23:00:00,2.6,Snow,4.2,80,0.46
2025-03-07T00:00:00,0.6,Clear,3.4,85,0.0
2025-03-07T01:00:00,1.0,Clear,7.3,89,0.0
2025-03-07T02:00:00,-0.3,Clear,9.5,71,0.0
2025-03-07T03:00:00,1.2,Clear,4.6,88,0.0
2025-03-07T04:00:00,0.3,Clear,5.5,82,0.0
2025-03-07T05:00:00,-0.6,Clear,2.3,68,0.0
2025-03-07T06:00:00,3.7,Clear,9.5,60,0.0
2025-03-07T07:00:00,3.7,Clear,9.5,80,0.0
2025-03-07T08:00:00,3.7,Clear,8.0,89,0.0
2025-03-07T09:00:00,3.7,Clear,4.4,79,0.0
2025-03-07T10:00:00,7.2,Clear,5.7,81,0.0
2025-03-07T11:00:00,7.5,Clear,4.5,78,0.0
2025-03-07T12:00:00,6.2,Clear,5.0,79,0.0
2025-03-07T13:00:00,6.5,Clear,8.6,71,0.0
2025-03-07T14:00:00,5.8,Clear,5.7,62,0.0
2025-03-07T15:00:00,7.8,Clear,6.8,74,0.0
2025-03-07T16:00:00,8.4,Clear,5.5,83,0.0
2025-03-07T17:00:00,3.7,Clear,5.9,79,0.0
2025-03-07T18:00:00,3.7,Clear,7.3,61,0.0
2025-03-07T19:00:00,3.7,Clear,4.4,87,0.0
2025-03-07T20:00:00,3.7,Clear,6.0,67,0.0
2025-03-07T21:00:00,3.7,Clear,3.6,86,0.0
2025-03-07T22:00:00,3.7,Clear,4.8,63,0.0
2025-03-07T23:00:00,3.7,Clear,7.0,78,0.0
2025-03-06T00:00:00,0.7,Clear,7.5,61,0.0
2025-03-06T01:00:00,2.8,Clear,6.1,71,0.0
2025-03-06T02:00:00,0.5,Clear,2.3,67,0.0
2025-03-06T03:00:00,3.0,Clear,9.2,80,0.0
2025-03-06T04:00:00,2.0,Clear,7.4,90,0.0
2025-03-06T05:00:00,3.0,Clear,3.6,83,0.0
2025-03-06T06:00:00,5.4,Clear,8.9,82,0.0
2025-03-06T07:00:00,5.4,Clear,4.2,87,0.0
2025-03-06T08:00:00,5.4,Clear,3.1,81,0.0
2025-03-06T09:00:00,5.4,Clear,7.1,69,0.0
2025-03-06T10:00:00,7.9,Clear,9.2,75,0.0
2025-03-06T11:00:00,9.7,Clear,2.1,60,0.0
2025-03-06T12:00:00,7.9,Clear,5.3,64,0.0
2025-03-06T13:00:00,9.8,Clear,7.8,84,0.0
2025-03-06T14:00:00,9.0,Clear,2.5,72,0.0
2025-03-06T15:00:00,9.7,Clear,7.2,85,0.0
2025-03-06T16:00:00,8.7,Clear,6.8,63,0.0
2025-03-06T17:00:00,5.4,Clear,2.4,72,0.0
2025-03-06T18:00:00,5.4,Clear,6.4,79,0.0
2025-03-06T19:00:00,5.4,Clear,7.0,65,0.0
2025-03-06T20:00:00,5.4,Clear,5.9,75,0.0
2025-03-06T21:00:00,5.4,Clear,6.7,73,0.0
2025-03-06T22:00:00,5.4,Clear,9.2,85,0.0
2025-03-06T23:00:00,5.4,Clear,5.8,85,0.0
2025-03-05T00:00:00,6.5,Clear,7.7,86,0.0
2025-03-05T01:00:00,5.5,Clear,9.7,60,0.0
2025-03-05T02:00:00,6.9,Clear,8.9,66,0.0
2025-03-05T03:00:00,6.1,Clear,8.0,83,0.0
2025-03-05T04:00:00,4.8,Clear,7.4,63,0.0
2025-03-05T05:00:00,7.1,Clear,9.0,84,0.0
2025-03-05T06:00:00,9.8,Clear,4.6,83,0.0
2025-03-05T07:00:00,9.8,Clear,6.8,68,0.0
2025-03-05T08:00:00,9.8,Clear,9.3,74,0.0
2025-03-05T09:00:00,9.8,Clear,3.1,62,0.0
2025-03-05T10:00:00,13.1,Clear,3.0,86,0.0
2025-03-05T11:00:00,12.1,Clear,4.0,87,0.0
2025-03-05T12:00:00,12.2,Clear,3.0,63,0.0
2025-03-05T13:00:00,12.1,Clear,7.7,66,0.0
2025-03-05T14:00:00,12.6,Clear,2.5,61,0.0
2025-03-05T15:00:00,12.3,Clear,2.7,69,0.0
2025-03-05T16:00:00,12.8,Clear,9.3,64,0.0
2025-03-05T17:00:00,9.8,Clear,3.0,82,0.0
2025-03-05T18:00:00,9.8,Clear,6.5,77,0.0
2025-03-05T19:00:00,9.8,Clear,9.8,70,0.0
2025-03-05T20:00:00,9.8,Clear,9.3,83,0.0
2025-03-05T21:00:00,9.8,Clear,6.6,73,0.0
2025-03-05T22:00:00,9.8,Clear,9.0,67,0.0
2025-03-05T23:00:00,9.8,Clear,5.0,87,0.0
2025-03-04T00:00:00,2.5,Clear,3.7,62,0.0
2025-03-04T01:00:00,4.1,Clear,5.6,90,0.0
2025-03-04T02:00:00,1.7,Clear,4.1,67,0.0
2025-03-04T03:00:00,2.4,Clear,7.3,87,0.0
2025-03-04T04:00:00,2.6,Clear,8.5,63,0.0
2025-03-04T05:00:00,1.1,Clear,3.9,67,0.0
2025-03-04T06:00:00,6.1,Clear,9.0,78,0.0
2025-03-04T07:00:00,6.1,Clear,9.1,85,0.0
2025-03-04T08:00:00,6.1,Clear,8.5,88,0.0
2025-03-04T09:00:00,6.1,Clear,5.3,80,0.0
2025-03-04T10:00:00,10.5,Clear,5.6,80,0.0
2025-03-04T11:00:00,10.3,Clear,3.5,62,0.0
2025-03-04T12:00:00,9.4,Clear,5.1,78,0.0
2025-03-04T13:00:00,10.7,Clear,7.9,69,0.0
2025-03-04T14:00:00,9.6,Clear,5.8,84,0.0
2025-03-04T15:00:00,9.4,Clear,9.0,81,0.0
2025-03-04T16:00:00,10.1,Clear,3.8,63,0.0
2025-03-04T17:00:00,6.1,Clear,2.5,89,0.0
2025-03-04T18:00:00,6.1,Clear,8.0,82,0.0
2025-03-04T19:00:00,6.1,Clear,3.6,78,0.0
2025-03-04T20:00:00,6.1,Clear,3.1,90,0.0
2025-03-04T21:00:00,6.1,Clear,9.2,77,0.0
2025-03-04T22:00:00,6.1,Clear,3.4,75,0.0
2025-03-04T23:00:00,6.1,Clear,2.9,70,0.0
2025-03-03T00:00:00,0.7,Rain,9.1,81,0.16
2025-03-03T01:00:00,-1.7,Rain,8.6,82,0.24
2025-03-03T02:00:00,-1.0,Rain,4.8,61,0.32
2025-03-03T03:00:00,1.1,Rain,3.8,88,0.15
2025-03-03T04:00:00,-1.0,Rain,5.2,88,0.35
2025-03-03T05:00:00,0.2,Rain,4.7,83,0.23
2025-03-03T06:00:00,3.1,Rain,7.6,88,0.1
2025-03-03T07:00:00,3.1,Rain,7.0,82,0.52
2025-03-03T08:00:00,3.1,Rain,5.1,65,0.15
2025-03-03T09:00:00,3.1,Rain,2.6,72,0.21
2025-03-03T10:00:00,7.6,Rain,2.8,85,0.24
2025-03-03T11:00:00,5.3,Rain,4.4,79,0.31
2025-03-03T12:00:00,5.7,Rain,2.8,80,0.52
2025-03-03T13:00:00,5.9,Rain,2.9,82,0.34
2025-03-03T14:00:00,5.6,Rain,3.7,73,0.16
2025-03-03T15:00:00,6.5,Rain,8.0,62,0.22
2025-03-03T16:00:00,6.2,Rain,2.5,70,0.19
2025-03-03T17:00:00,3.1,Rain,5.6,74,0.5
2025-03-03T18:00:00,3.1,Rain,5.2,89,0.4
2025-03-03T19:00:00,3.1,Rain,5.5,69,0.41
2025-03-03T20:00:00,3.1,Rain,2.3,80,0.53
2025-03-03T21:00:00,3.1,Rain,9.4,71,0.27
2025-03-03T22:00:00,3.1,Rain,6.4,82,0.21
2025-03-03T23:00:00,3.1,Rain,7.1,62,0.33
2025-03-02T00:00:00,-0.4,Rain,5.7,89,0.23
2025-03-02T01:00:00,-3.1,Rain,5.3,75,0.46
2025-03-02T02:00:00,-3.3,Rain,3.0,82,0.51
2025-03-02T03:00:00,-2.2,Rain,7.9,64,0.25
2025-03-02T04:00:00,-0.6,Rain,7.2,83,0.49
2025-03-02T05:00:00,-1.8,Rain,8.8,82,0.41
2025-03-02T06:00:00,1.7,Rain,9.6,80,0.1
2025-03-02T07:00:00,1.7,Rain,4.2,73,0.22
2025-03-02T08:00:00,1.7,Rain,5.8,64,0.39
2025-03-02T09:00:00,1.7,Rain,3.6,79,0.12
2025-03-02T10:00:00,4.4,Rain,6.4,67,0.38
2025-03-02T11:00:00,5.6,Rain,7.9,81,0.42
2025-03-02T12:00:00,5.6,Rain,2.6,80,0.2
2025-03-02T13:00:00,3.7,Rain,7.4,79,0.56
2025-03-02T14:00:00,4.2,Rain,2.4,64,0.11
2025-03-02T15:00:00,3.7,Rain,4.2,83,0.13
2025-03-02T16:00:00,5.9,Rain,7.2,63,0.15
2025-03-02T17:00:00,1.7,Rain,5.1,76,0.27
2025-03-02T18:00:00,1.7,Rain,6.7,83,0.34
2025-03-02T19:00:00,1.7,Rain,4.2,73,0.46
2025-03-02T20:00:00,1.7,Rain,2.7,70,0.51
2025-03-02T21:00:00,1.7,Rain,9.6,86,0.23
2025-03-02T22:00:00,1.7,Rain,7.3,71,0.51
2025-03-02T23:00:00,1.7,Rain,2.6,83,0.53
2025-03-01T00:00:00,-1.5,Cloudy,8.3,76,0.0
2025-03-01T01:00:00,-1.4,Cloudy,6.3,80,0.0
2025-03-01T02:00:00,-1.7,Cloudy,6.5,61,0.0
2025-03-01T03:00:00,0.5,Cloudy,9.1,85,0.0
2025-03-01T04:00:00,-0.1,Cloudy,2.9,82,0.0
2025-03-01T05:00:00,0.3,Cloudy,8.1,84,0.0
2025-03-01T06:00:00,3.0,Cloudy,4.7,66,0.0
2025-03-01T07:00:00,3.0,Cloudy,5.0,69,0.0
2025-03-01T08:00:00,3.0,Cloudy,7.8,64,0.0
2025-03-01T09:00:00,3.0,Cloudy,8.2,79,0.0
2025-03-01T10:00:00,6.4,Cloudy,2.2,80,0.0
2025-03-01T11:00:00,5.8,Cloudy,6.1,69,0.0
2025-03-01T12:00:00,7.4,Cloudy,9.8,68,0.0
2025-03-01T13:00:00,7.9,Cloudy,6.2,89,0.0
2025-03-01T14:00:00,6.6,Cloudy,2.7,71,0.0
2025-03-01T15:00:00,6.8,Cloudy,8.0,64,0.0
2025-03-01T16:00:00,6.4,Cloudy,9.8,62,0.0
2025-03-01T17:00:00,3.0,Cloudy,9.7,61,0.0
2025-03-01T18:00:00,3.0,Cloudy,9.9,75,0.0
2025-03-01T19:00:00,3.0,Cloudy,6.1,63,0.0
2025-03-01T20:00:00,3.0,Cloudy,5.1,82,0.0
2025-03-01T21:00:00,3.0,Cloudy,10.0,75,0.0
2025-03-01T22:00:00,3.0,Cloudy,7.9,64,0.0
2025-03-01T23:00:00,3.0,Cloudy,6.1,64,0.0
2025-02-28T00:00:00,-0.9,Snow,6.9,90,0.28
2025-02-28T01:00:00,0.4,Snow,2.9,82,0.38
2025-02-28T02:00:00,0.0,Snow,5.3,83,0.31
2025-02-28T03:00:00,-0.3,Snow,8.8,75,0.26
2025-02-28T04:00:00,0.9,Snow,3.7,63,0.27
2025-02-28T05:00:00,0.6,Snow,6.9,67,0.19
2025-02-28T06:00:00,3.3,Snow,5.1,63,0.23
2025-02-28T07:00:00,3.3,Snow,9.8,75,0.27
2025-02-28T08:00:00,3.3,Snow,3.3,81,0.33
2025-02-28T09:00:00,3.3,Snow,7.6,63,0.31
2025-02-28T10:00:00,7.4,Snow,7.2,74,0.59
2025-02-28T11:00:00,7.5,Snow,7.6,62,0.27
2025-02-28T12:00:00,7.0,Snow,4.6,78,0.22
2025-02-28T13:00:00,5.3,Snow,6.2,82,0.55
2025-02-28T14:00:00,7.6,Snow,5.7,88,0.17
2025-02-28T15:00:00,6.6,Snow,4.6,85,0.17
2025-02-28T16:00:00,7.6,Snow,3.0,69,0.26
2025-02-28T17:00:00,3.3,Snow,8.4,80,0.26
2025-02-28T18:00:00,3.3,Snow,4.5,78,0.48
2025-02-28T19:00:00,3.3,Snow,9.8,75,0.42
2025-02-28T20:00:00,3.3,Snow,4.3,69,0.11
2025-02-28T21:00:00,3.3,Snow,6.5,74,0.35
2025-02-28T22:00:00,3.3,Snow,8.0,60,0.14
2025-02-28T23:00:00,3.3,Snow,6.9,65,0.42
2025-02-27T00:00:00,0.4,Clear,8.3,63,0.0
2025-02-27T01:00:00,-0.2,Clear,2.6,62,0.0
2025-02-27T02:00:00,-0.4,Clear,5.9,82,0.0
2025-02-27T03:00:00,-0.5,Clear,8.1,70,0.0
2025-02-27T04:00:00,0.3,Clear,9.8,88,0.0
2025-02-27T05:00:00,-0.9,Clear,7.5,68,0.0
2025-02-27T06:00:00,3.5,Clear,9.1,81,0.0
2025-02-27T07:00:00,3.5,Clear,8.7,78,0.0
2025-02-27T08:00:00,3.5,Clear,6.0,72,0.0
2025-02-27T09:00:00,3.5,Clear,4.3,78,0.0
2025-02-27T10:00:00,6.2,Clear,4.0,68,0.0
2025-02-27T11:00:00,7.5,Clear,2.3,68,0.0
2025-02-27T12:00:00,7.2,Clear,5.8,87,0.0
2025-02-27T13:00:00,6.9,Clear,2.6,72,0.0
2025-02-27T14:00:00,7.1,Clear,4.2,88,0.0
2025-02-27T15:00:00,7.8,Clear,9.5,89,0.0
2025-02-27T16:00:00,7.0,Clear,8.7,64,0.0
2025-02-27T17:00:00,3.5,Clear,4.3,62,0.0
2025-02-27T18:00:00,3.5,Clear,5.5,87,0.0
2025-02-27T19:00:00,3.5,Clear,5.8,63,0.0
2025-02-27T20:00:00,3.5,Clear,4.4,82,0.0
2025-02-27T21:00:00,3.5,Clear,6.6,77,0.0
2025-02-27T22:00:00,3.5,Clear,4.4,80,0.0
2025-02-27T23:00:00,3.5,Clear,9.2,88,0.0
2025-02-26T00:00:00,-4.0,Snow,5.8,81,0.53
2025-02-26T01:00:00,-5.1,Snow,6.9,61,0.14
2025-02-26T02:00:00,-6.7,Snow,3.3,67,0.1
2025-02-26T03:00:00,-5.7,Snow,5.8,83,0.54
2025-02-26T04:00:00,-6.5,Snow,3.9,64,0.57
2025-02-26T05:00:00,-5.0,Snow,3.6,89,0.59
2025-02-26T06:00:00,-1.9,Snow,3.6,89,0.33
2025-02-26T07:00:00,-1.9,Snow,2.9,61,0.38
2025-02-26T08:00:00,-1.9,Snow,3.8,62,0.58
2025-02-26T09:00:00,-1.9,Snow,8.1,67,0.15
2025-02-26T10:00:00,2.2,Snow,7.7,87,0.27
2025-02-26T11:00:00,2.3,Snow,6.8,65,0.28
2025-02-26T12:00:00,2.8,Snow,8.2,69,0.29
2025-02-26T13:00:00,0.2,Snow,4.0,82,0.52
2025-02-26T14:00:00,2.7,Snow,8.4,80,0.25
2025-02-26T15:00:00,0.1,Snow,3.3,64,0.25
2025-02-26T16:00:00,2.1,Snow,8.9,82,0.55
2025-02-26T17:00:00,-1.9,Snow,2.7,73,0.18
2025-02-26T18:00:00,-1.9,Snow,8.8,64,0.48
2025-02-26T19:00:00,-1.9,Snow,4.3,68,0.27
2025-02-26T20:00:00,-1.9,Snow,7.2,80,0.37
2025-02-26T21:00:00,-1.9,Snow,4.2,75,0.36
2025-02-26T22:00:00,-1.9,Snow,8.5,61,0.31
2025-02-26T23:00:00,-1.9,Snow,6.3,67,0.3
2025-02-25T00:00:00,-5.9,Clear,5.9,86,0.0
2025-02-25T01:00:00,-6.0,Clear,5.7,79,0.0
2025-02-25T02:00:00,-5.4,Clear,2.8,70,0.0
2025-02-25T03:00:00,-4.7,Clear,4.4,86,0.0
2025-02-25T04:00:00,-5.9,Clear,3.8,63,0.0
2025-02-25T05:00:00,-6.6,Clear,5.7,60,0.0
2025-02-25T06:00:00,-2.0,Clear,9.0,87,0.0
2025-02-25T07:00:00,-2.0,Clear,5.3,83,0.0
2025-02-25T08:00:00,-2.0,Clear,3.3,89,0.0
2025-02-25T09:00:00,-2.0,Clear,8.0,88,0.0
2025-02-25T10:00:00,2.3,Clear,6.1,82,0.0
2025-02-25T11:00:00,1.2,Clear,3.7,83,0.0
2025-02-25T12:00:00,2.3,Clear,7.0,77,0.0
2025-02-25T13:00:00,1.5,Clear,5.7,87,0.0
2025-02-25T14:00:00,1.3,Clear,8.6,84,0.0
2025-02-25T15:00:00,1.1,Clear,5.7,82,0.0
2025-02-25T16:00:00,1.9,Clear,3.8,71,0.0
2025-02-25T17:00:00,-2.0,Clear,9.5,64,0.0
2025-02-25T18:00:00,-2.0,Clear,2.9,69,0.0
2025-02-25T19:00:00,-2.0,Clear,9.5,89,0.0
2025-02-25T20:00:00,-2.0,Clear,2.3,70,0.0
2025-02-25T21:00:00,-2.0,Clear,6.5,68,0.0
2025-02-25T22:00:00,-2.0,Clear,4.7,73,0.0
2025-02-25T23:00:00,-2.0,Clear,4.0,64,0.0
2025-02-24T00:00:00,-7.7,Snow,5.3,68,0.22
2025-02-24T01:00:00,-8.1,Snow,2.9,78,0.23
2025-02-24T02:00:00,-7.3,Snow,5.8,77,0.37
2025-02-24T03:00:00,-8.5,Snow,5.7,64,0.29
2025-02-24T04:00:00,-7.1,Snow,8.3,83,0.12
2025-02-24T05:00:00,-7.7,Snow,8.0,71,0.52
2025-02-24T06:00:00,-4.5,Snow,4.3,79,0.48
2025-02-24T07:00:00,-4.5,Snow,7.6,74,0.59
2025-02-24T08:00:00,-4.5,Snow,2.7,86,0.19
2025-02-24T09:00:00,-4.5,Snow,9.5,67,0.5
2025-02-24T10:00:00,-0.0,Snow,4.9,61,0.25
2025-02-24T11:00:00,-1.4,Snow,5.9,66,0.21
2025-02-24T12:00:00,-2.5,Snow,2.9,75,0.4
2025-02-24T13:00:00,-1.8,Snow,7.4,62,0.57
2025-02-24T14:00:00,-0.1,Snow,2.6,78,0.14
2025-02-24T15:00:00,0.4,Snow,4.6,71,0.25
2025-02-24T16:00:00,-0.5,Snow,2.1,67,0.28
2025-02-24T17:00:00,-4.5,Snow,10.0,77,0.34
2025-02-24T18:00:00,-4.5,Snow,5.6,67,0.18
2025-02-24T19:00:00,-4.5,Snow,2.9,82,0.6
2025-02-24T20:00:00,-4.5,Snow,3.6,71,0.47
2025-02-24T21:00:00,-4.5,Snow,6.0,89,0.47
2025-02-24T22:00:00,-4.5,Snow,9.9,78,0.31
2025-02-24T23:00:00,-4.5,Snow,6.2,79,0.11
2025-02-23T00:00:00,-3.7,Clear,6.4,74,0.0
2025-02-23T01:00:00,-2.9,Clear,9.6,76,0.0
2025-02-23T02:00:00,-1.9,Clear,6.5,62,0.0
2025-02-23T03:00:00,-2.9,Clear,2.9,88,0.0
2025-02-23T04:00:00,-3.9,Clear,7.9,84,0.0
2025-02-23T05:00:00,-3.7,Clear,2.2,87,0.0
2025-02-23T06:00:00,0.8,Clear,3.7,87,0.0
2025-02-23T07:00:00,0.8,Clear,5.2,84,0.0
2025-02-23T08:00:00,0.8,Clear,3.8,79,0.0
2025-02-23T09:00:00,0.8,Clear,2.2,86,0.0
2025-02-23T10:00:00,3.6,Clear,4.8,87,0.0
2025-02-23T11:00:00,3.8,Clear,5.3,88,0.0
2025-02-23T12:00:00,4.0,Clear,5.4,68,0.0
2025-02-23T13:00:00,3.0,Clear,4.0,86,0.0
2025-02-23T14:00:00,4.8,Clear,6.6,79,0.0
2025-02-23T15:00:00,4.1,Clear,7.5,63,0.0
2025-02-23T16:00:00,5.8,Clear,4.0,86,0.0
2025-02-23T17:00:00,0.8,Clear,3.1,85,0.0
2025-02-23T18:00:00,0.8,Clear,8.3,78,0.0
2025-02-23T19:00:00,0.8,Clear,3.6,86,0.0
2025-02-23T20:00:00,0.8,Clear,3.2,70,0.0
2025-02-23T21:00:00,0.8,Clear,8.2,77,0.0
2025-02-23T22:00:00,0.8,Clear,9.3,85,0.0
2025-02-23T23:00:00,0.8,Clear,7.7,89,0.0
2025-02-22T00:00:00,1.6,Clear,9.5,78,0.0
2025-02-22T01:00:00,0.8,Clear,7.5,65,0.0
2025-02-22T02:00:00,1.4,Clear,6.7,82,0.0
2025-02-22T03:00:00,0.4,Clear,5.3,87,0.0
2025-02-22T04:00:00,0.5,Clear,9.2,84,0.0
2025-02-22T05:00:00,0.6,Clear,3.6,61,0.0
2025-02-22T06:00:00,5.2,Clear,8.5,72,0.0
2025-02-22T07:00:00,5.2,Clear,2.2,72,0.0
2025-02-22T08:00:00,5.2,Clear,2.2,72,0.0
2025-02-22T09:00:00,5.2,Clear,9.2,85,0.0
2025-02-22T10:00:00,7.5,Clear,9.0,64,0.0
2025-02-22T11:00:00,8.3,Clear,6.7,90,0.0
2025-02-22T12:00:00,9.9,Clear,9.1,85,0.0
2025-02-22T13:00:00,10.1,Clear,2.2,69,0.0
2025-02-22T14:00:00,7.4,Clear,9.1,80,0.0
2025-02-22T15:00:00,7.5,Clear,3.1,88,0.0
2025-02-22T16:00:00,10.0,Clear,6.2,69,0.0
2025-02-22T17:00:00,5.2,Clear,5.3,87,0.0
2025-02-22T18:00:00,5.2,Clear,3.5,77,0.0
2025-02-22T19:00:00,5.2,Clear,3.6,72,0.0
2025-02-22T20:00:00,5.2,Clear,8.0,68,0.0
2025-02-22T21:00:00,5.2,Clear,3.3,81,0.0
2025-02-22T22:00:00,5.2,Clear,3.3,87,0.0
2025-02-22T23:00:00,5.2,Clear,2.2,76,0.0
2025-02-21T00:00:00,3.8,Clear,4.5,89,0.0
2025-02-21T01:00:00,1.9,Clear,6.4,78,0.0
2025-02-21T02:00:00,2.3,Clear,3.5,82,0.0
2025-02-21T03:00:00,2.2,Clear,3.6,70,0.0
2025-02-21T04:00:00,2.5,Clear,9.1,80,0.0
2025-02-21T05:00:00,2.2,Clear,8.0,81,0.0
2025-02-21T06:00:00,6.3,Clear,7.4,88,0.0
2025-02-21T07:00:00,6.3,Clear,4.3,74,0.0
2025-02-21T08:00:00,6.3,Clear,2.2,68,0.0
2025-02-21T09:00:00,6.3,Clear,9.4,87,0.0
2025-02-21T10:00:00,9.1,Clear,5.2,61,0.0
2025-02-21T11:00:00,9.1,Clear,2.1,67,0.0
2025-02-21T12:00:00,9.8,Clear,6.7,86,0.0
2025-02-21T13:00:00,9.8,Clear,7.3,89,0.0
2025-02-21T14:00:00,10.2,Clear,6.6,79,0.0
2025-02-21T15:00:00,10.1,Clear,9.4,61,0.0
2025-02-21T16:00:00,11.3,Clear,3.8,73,0.0
2025-02-21T17:00:00,6.3,Clear,8.4,69,0.0
2025-02-21T18:00:00,6.3,Clear,5.5,70,0.0
2025-02-21T19:00:00,6.3,Clear,5.9,83,0.0
2025-02-21T20:00:00,6.3,Clear,4.9,80,0.0
2025-02-21T21:00:00,6.3,Clear,8.2,89,0.0
2025-02-21T22:00:00,6.3,Clear,9.0,69,0.0
2025-02-21T23:00:00,6.3,Clear,2.3,78,0.0
2025-02-20T00:00:00,-1.5,Snow,9.5,79,0.31
2025-02-20T01:00:00,-0.7,Snow,6.2,63,0.23
2025-02-20T02:00:00,0.4,Snow,3.2,61,0.25
2025-02-20T03:00:00,-1.3,Snow,8.8,82,0.51
2025-02-20T04:00:00,0.8,Snow,6.5,62,0.59
2025-02-20T05:00:00,-0.4,Snow,8.5,66,0.52
2025-02-20T06:00:00,3.2,Snow,8.9,87,0.42
2025-02-20T07:00:00,3.2,Snow,4.6,83,0.31
2025-02-20T08:00:00,3.2,Snow,2.8,63,0.33
2025-02-20T09:00:00,3.2,Snow,6.5,74,0.58
2025-02-20T10:00:00,6.1,Snow,6.0,72,0.52
2025-02-20T11:00:00,6.6,Snow,7.5,83,0.3
2025-02-20T12:00:00,5.4,Snow,3.6,63,0.42
2025-02-20T13:00:00,7.3,Snow,8.2,66,0.19
2025-02-20T14:00:00,6.1,Snow,8.2,67,0.35
2025-02-20T15:00:00,7.2,Snow,9.3,74,0.33
2025-02-20T16:00:00,5.5,Snow,4.2,74,0.43
2025-02-20T17:00:00,3.2,Snow,7.2,83,0.15
2025-02-20T18:00:00,3.2,Snow,8.1,61,0.57
2025-02-20T19:00:00,3.2,Snow,3.6,89,0.55
2025-02-20T20:00:00,3.2,Snow,6.1,73,0.33
2025-02-20T21:00:00,3.2,Snow,2.2,88,0.49
2025-02-20T22:00:00,3.2,Snow,4.3,84,0.43
2025-02-20T23:00:00,3.2,Snow,9.3,65,0.57
2025-02-19T00:00:00,-1.6,Rain,2.2,64,0.29
2025-02-19T01:00:00,-3.1,Rain,8.6,71,0.13
2025-02-19T02:00:00,-2.4,Rain,2.1,90,0.16
2025-02-19T03:00:00,-2.3,Rain,2.8,87,0.41
2025-02-19T04:00:00,-2.4,Rain,9.0,77,0.54
2025-02-19T05:00:00,-0.9,Rain,2.2,70,0.31
2025-02-19T06:00:00,1.4,Rain,3.2,63,0.42
2025-02-19T07:00:00,1.4,Rain,4.2,78,0.11
2025-02-19T08:00:00,1.4,Rain,7.0,61,0.44
2025-02-19T09:00:00,1.4,Rain,7.2,73,0.44
2025-02-19T10:00:00,4.5,Rain,3.2,77,0.29
2025-02-19T11:00:00,5.2,Rain,2.3,79,0.45
2025-02-19T12:00:00,5.8,Rain,5.8,61,0.4
2025-02-19T13:00:00,3.5,Rain,8.4,72,0.29
2025-02-19T14:00:00,6.1,Rain,9.1,87,0.55
2025-02-19T15:00:00,5.7,Rain,4.9,86,0.42
2025-02-19T16:00:00,4.4,Rain,5.5,79,0.58
2025-02-19T17:00:00,1.4,Rain,7.0,73,0.25
2025-02-19T18:00:00,1.4,Rain,9.7,90,0.47
2025-02-19T19:00:00,1.4,Rain,8.1,80,0.55
2025-02-19T20:00:00,1.4,Rain,6.4,81,0.56
2025-02-19T21:00:00,1.4,Rain,3.5,85,0.35
2025-02-19T22:00:00,1.4,Rain,9.5,80,0.46
2025-02-19T23:00:00,1.4,Rain,6.5,82,0.15
2025-02-18T00:00:00,3.1,Snow,6.7,67,0.39
2025-02-18T01:00:00,2.5,Snow,3.3,70,0.21
2025-02-18T02:00:00,2.1,Snow,5.8,80,0.36
2025-02-18T03:00:00,2.3,Snow,3.6,72,0.59
2025-02-18T04:00:00,1.9,Snow,4.4,88,0.16
2025-02-18T05:00:00,2.4,Snow,9.5,73,0.44
2025-02-18T06:00:00,5.5,Snow,5.4,79,0.23
2025-02-18T07:00:00,5.5,Snow,4.1,72,0.17
2025-02-18T08:00:00,5.5,Snow,6.7,87,0.42
2025-02-18T09:00:00,5.5,Snow,5.8,90,0.52
2025-02-18T10:00:00,8.8,Snow,8.1,74,0.55
2025-02-18T11:00:00,10.0,Snow,6.1,86,0.18
2025-02-18T12:00:00,9.9,Snow,7.6,89,0.47
2025-02-18T13:00:00,10.3,Snow,7.2,80,0.55
2025-02-18T14:00:00,9.7,Snow,4.6,61,0.47
2025-02-18T15:00:00,9.5,Snow,3.8,62,0.57
2025-02-18T16:00:00,8.7,Snow,6.3,78,0.16
2025-02-18T17:00:00,5.5,Snow,3.3,67,0.36
2025-02-18T18:00:00,5.5,Snow,4.3,78,0.53
2025-02-18T19:00:00,5.5,Snow,9.7,70,0.56
2025-02-18T20:00:00,5.5,Snow,9.8,82,0.37
2025-02-18T21:00:00,5.5,Snow,3.6,85,0.28
2025-02-18T22:00:00,5.5,Snow,6.8,83,0.5
2025-02-18T23:00:00,5.5,Snow,2.3,73,0.11
2025-02-17T00:00:00,1.6,Rain,4.3,68,0.48
2025-02-17T01:00:00,1.7,Rain,9.8,63,0.37
2025-02-17T02:00:00,3.0,Rain,7.8,70,0.26
2025-02-17T03:00:00,1.4,Rain,7.1,67,0.6
2025-02-17T04:00:00,0.9,Rain,6.5,83,0.35
2025-02-17T05:00:00,2.1,Rain,2.5,74,0.39
2025-02-17T06:00:00,5.1,Rain,9.1,73,0.23
2025-02-17T07:00:00,5.1,Rain,4.5,89,0.14
2025-02-17T08:00:00,5.1,Rain,5.5,82,0.16
2025-02-17T09:00:00,5.1,Rain,2.5,73,0.22
2025-02-17T10:00:00,7.4,Rain,7.8,84,0.38
2025-02-17T11:00:00,9.7,Rain,5.1,68,0.25
2025-02-17T12:00:00,7.6,Rain,7.1,71,0.23
2025-02-17T13:00:00,8.0,Rain,6.4,74,0.27
2025-02-17T14:00:00,7.6,Rain,6.4,69,0.57
2025-02-17T15:00:00,8.1,Rain,2.8,61,0.32
2025-02-17T16:00:00,9.3,Rain,9.3,68,0.57
2025-02-17T17:00:00,5.1,Rain,9.5,71,0.34
2025-02-17T18:00:00,5.1,Rain,9.7,77,0.42
2025-02-17T19:00:00,5.1,Rain,4.3,85,0.19
2025-02-17T20:00:00,5.1,Rain,3.8,90,0.23
2025-02-17T21:00:00,5.1,Rain,2.7,69,0.59
2025-02-17T22:00:00,5.1,Rain,9.0,86,0.28
2025-02-17T23:00:00,5.1,Rain,3.1,83,0.37
2025-02-16T00:00:00,-0.4,Clear,3.9,85,0.0
2025-02-16T01:00:00,-1.9,Clear,4.6,81,0.0
2025-02-16T02:00:00,0.7,Clear,9.1,67,0.0
2025-02-16T03:00:00,0.6,Clear,4.6,77,0.0
2025-02-16T04:00:00,0.2,Clear,4.8,62,0.0
2025-02-16T05:00:00,-1.5,Clear,9.2,78,0.0
2025-02-16T06:00:00,2.8,Clear,4.6,73,0.0
2025-02-16T07:00:00,2.8,Clear,2.9,73,0.0
2025-02-16T08:00:00,2.8,Clear,9.5,73,0.0
2025-02-16T09:00:00,2.8,Clear,5.5,74,0.0
2025-02-16T10:00:00,7.7,Clear,4.7,72,0.0
2025-02-16T11:00:00,7.4,Clear,2.2,63,0.0
2025-02-16T12:00:00,7.6,Clear,7.4,68,0.0
2025-02-16T13:00:00,6.1,Clear,4.7,74,0.0
2025-02-16T14:00:00,5.2,Clear,9.0,86,0.0
2025-02-16T15:00:00,7.0,Clear,5.3,84,0.0
2025-02-16T16:00:00,5.5,Clear,2.1,73,0.0
2025-02-16T17:00:00,2.8,Clear,4.6,71,0.0
2025-02-16T18:00:00,2.8,Clear,6.5,85,0.0
2025-02-16T19:00:00,2.8,Clear,8.7,86,0.0
2025-02-16T20:00:00,2.8,Clear,7.4,80,0.0
2025-02-16T21:00:00,2.8,Clear,2.8,74,0.0
2025-02-16T22:00:00,2.8,Clear,3.4,60,0.0
2025-02-16T23:00:00,2.8,Clear,4.7,74,0.0
2025-02-15T00:00:00,-4.1,Snow,4.2,86,0.44
2025-02-15T01:00:00,-1.7,Snow,4.2,85,0.48
2025-02-15T02:00:00,-3.7,Snow,2.7,83,0.56
2025-02-15T03:00:00,-2.1,Snow,5.5,72,0.51
2025-02-15T04:00:00,-3.9,Snow,2.9,77,0.44
2025-02-15T05:00:00,-3.6,Snow,9.2,60,0.23
2025-02-15T06:00:00,0.4,Snow,6.6,72,0.37
2025-02-15T07:00:00,0.4,Snow,8.3,90,0.2
2025-02-15T08:00:00,0.4,Snow,3.7,84,0.22
2025-02-15T09:00:00,0.4,Snow,4.0,63,0.55
2025-02-15T10:00:00,3.5,Snow,5.2,78,0.37
2025-02-15T11:00:00,4.9,Snow,4.1,76,0.4
2025-02-15T12:00:00,3.4,Snow,2.0,62,0.11
2025-02-15T13:00:00,2.5,Snow,9.7,83,0.16
2025-02-15T14:00:00,2.6,Snow,8.8,80,0.22
2025-02-15T15:00:00,5.4,Snow,4.8,85,0.44
2025-02-15T16:00:00,2.7,Snow,6.9,71,0.18
2025-02-15T17:00:00,0.4,Snow,6.8,64,0.17
2025-02-15T18:00:00,0.4,Snow,9.2,83,0.4
2025-02-15T19:00:00,0.4,Snow,6.5,60,0.5
2025-02-15T20:00:00,0.4,Snow,8.9,82,0.58
2025-02-15T21:00:00,0.4,Snow,8.7,86,0.1
2025-02-15T22:00:00,0.4,Snow,5.3,65,0.29
2025-02-15T23:00:00,0.4,Snow,3.1,79,0.46
2025-02-14T00:00:00,-5.1,Clear,2.1,76,0.0
2025-02-14T01:00:00,-4.8,Clear,2.7,62,0.0
2025-02-14T02:00:00,-6.4,Clear,8.8,89,0.0
2025-02-14T03:00:00,-5.8,Clear,7.8,89,0.0
2025-02-14T04:00:00,-6.1,Clear,6.1,85,0.0
2025-02-14T05:00:00,-6.8,Clear,5.1,72,0.0
2025-02-14T06:00:00,-2.5,Clear,3.1,85,0.0
2025-02-14T07:00:00,-2.5,Clear,4.0,77,0.0
2025-02-14T08:00:00,-2.5,Clear,5.1,67,0.0
2025-02-14T09:00:00,-2.5,Clear,8.6,73,0.0
2025-02-14T10:00:00,-0.4,Clear,8.9,61,0.0
2025-02-14T11:00:00,0.9,Clear,3.9,70,0.0
2025-02-14T12:00:00,-0.1,Clear,9.7,60,0.0
2025-02-14T13:00:00,0.9,Clear,5.0,71,0.0
2025-02-14T14:00:00,2.4,Clear,4.3,66,0.0
2025-02-14T15:00:00,-0.5,Clear,3.5,75,0.0
2025-02-14T16:00:00,1.7,Clear,6.5,70,0.0
2025-02-14T17:00:00,-2.5,Clear,5.8,84,0.0
2025-02-14T18:00:00,-2.5,Clear,8.9,64,0.0
2025-02-14T19:00:00,-2.5,Clear,9.2,78,0.0
2025-02-14T20:00:00,-2.5,Clear,2.5,78,0.0
2025-02-14T21:00:00,-2.5,Clear,7.0,62,0.0
2025-02-14T22:00:00,-2.5,Clear,3.4,67,0.0
2025-02-14T23:00:00,-2.5,Clear,3.8,61,0.0
2025-02-13T00:00:00,-3.7,Snow,2.6,89,0.37
2025-02-13T01:00:00,-5.1,Snow,8.8,66,0.58
2025-02-13T02:00:00,-4.8,Snow,3.2,78,0.6
2025-02-13T03:00:00,-6.3,Snow,9.7,79,0.58
2025-02-13T04:00:00,-5.7,Snow,9.2,88,0.53
2025-02-13T05:00:00,-4.3,Snow,8.3,67,0.56
2025-02-13T06:00:00,-1.5,Snow,6.6,76,0.38
2025-02-13T07:00:00,-1.5,Snow,4.4,69,0.27
2025-02-13T08:00:00,-1.5,Snow,4.1,63,0.2
2025-02-13T09:00:00,-1.5,Snow,9.4,89,0.45
2025-02-13T10:00:00,1.4,Snow,6.9,74,0.12
2025-02-13T11:00:00,2.5,Snow,8.2,61,0.44
2025-02-13T12:00:00,2.7,Snow,5.2,88,0.57
2025-02-13T13:00:00,2.7,Snow,7.8,61,0.52
2025-02-13T14:00:00,3.4,Snow,9.6,75,0.3
2025-02-13T15:00:00,1.7,Snow,3.1,80,0.4
2025-02-13T16:00:00,2.5,Snow,2.6,74,0.59
2025-02-13T17:00:00,-1.5,Snow,4.9,86,0.58
2025-02-13T18:00:00,-1.5,Snow,8.9,64,0.14
2025-02-13T19:00:00,-1.5,Snow,3.0,71,0.25
2025-02-13T20:00:00,-1.5,Snow,6.4,70,0.54
2025-02-13T21:00:00,-1.5,Snow,7.9,85,0.48
2025-02-13T22:00:00,-1.5,Snow,5.1,85,0.4
2025-02-13T23:00:00,-1.5,Snow,5.9,89,0.52
2025-02-12T00:00:00,-1.1,Cloudy,6.5,62,0.0
2025-02-12T01:00:00,-3.1,Cloudy,8.0,82,0.0
2025-02-12T02:00:00,-1.8,Cloudy,3.7,76,0.0
2025-02-12T03:00:00,-1.2,Cloudy,2.9,78,0.0
2025-02-12T04:00:00,-1.1,Cloudy,2.1,86,0.0
2025-02-12T05:00:00,-1.9,Cloudy,7.7,88,0.0
2025-02-12T06:00:00,1.4,Cloudy,3.2,70,0.0
2025-02-12T07:00:00,1.4,Cloudy,9.7,69,0.0
2025-02-12T08:00:00,1.4,Cloudy,8.1,78,0.0
2025-02-12T09:00:00,1.4,Cloudy,5.5,85,0.0
2025-02-12T10:00:00,6.2,Cloudy,7.4,76,0.0
2025-02-12T11:00:00,5.5,Cloudy,2.8,68,0.0
2025-02-12T12:00:00,4.5,Cloudy,4.2,79,0.0
2025-02-12T13:00:00,4.3,Cloudy,4.4,82,0.0
2025-02-12T14:00:00,4.7,Cloudy,7.3,82,0.0
2025-02-12T15:00:00,5.0,Cloudy,5.8,75,0.0
2025-02-12T16:00:00,4.9,Cloudy,4.3,83,0.0
2025-02-12T17:00:00,1.4,Cloudy,8.7,85,0.0
2025-02-12T18:00:00,1.4,Cloudy,9.9,69,0.0
2025-02-12T19:00:00,1.4,Cloudy,6.3,64,0.0
2025-02-12T20:00:00,1.4,Cloudy,4.3,86,0.0
2025-02-12T21:00:00,1.4,Cloudy,7.6,68,0.0
2025-02-12T22:00:00,1.4,Cloudy,7.3,78,0.0
2025-02-12T23:00:00,1.4,Cloudy,4.2,76,0.0
2025-02-11T00:00:00,-7.3,Rain,2.3,62,0.32
2025-02-11T01:00:00,-8.5,Rain,6.1,62,0.54
2025-02-11T02:00:00,-5.9,Rain,4.7,83,0.18
2025-02-11T03:00:00,-7.5,Rain,9.7,63,0.28
2025-02-11T04:00:00,-6.3,Rain,6.1,79,0.39
2025-02-11T05:00:00,-6.2,Rain,4.1,87,0.32
2025-02-11T06:00:00,-3.8,Rain,2.0,85,0.19
2025-02-11T07:00:00,-3.8,Rain,2.1,86,0.27
2025-02-11T08:00:00,-3.8,Rain,6.3,79,0.2
2025-02-11T09:00:00,-3.8,Rain,8.8,62,0.31
2025-02-11T10:00:00,0.3,Rain,6.9,71,0.27
2025-02-11T11:00:00,0.6,Rain,4.6,81,0.57
2025-02-11T12:00:00,0.4,Rain,5.3,76,0.14
2025-02-11T13:00:00,1.0,Rain,9.1,61,0.27
2025-02-11T14:00:00,-0.2,Rain,9.2,89,0.2
2025-02-11T15:00:00,-0.6,Rain,3.9,83,0.33
2025-02-11T16:00:00,-1.2,Rain,6.7,80,0.59
2025-02-11T17:00:00,-3.8,Rain,6.2,66,0.29
2025-02-11T18:00:00,-3.8,Rain,7.2,86,0.58
2025-02-11T19:00:00,-3.8,Rain,4.4,76,0.42
2025-02-11T20:00:00,-3.8,Rain,2.6,84,0.31
2025-02-11T21:00:00,-3.8,Rain,3.9,61,0.5
2025-02-11T22:00:00,-3.8,Rain,8.8,60,0.41
2025-02-11T23:00:00,-3.8,Rain,2.9,61,0.2
2025-02-10T00:00:00,-5.6,Clear,5.1,68,0.0
2025-02-10T01:00:00,-3.0,Clear,3.4,84,0.0
2025-02-10T02:00:00,-5.5,Clear,8.5,68,0.0
2025-02-10T03:00:00,-3.2,Clear,4.9,67,0.0
2025-02-10T04:00:00,-4.6,Clear,9.3,60,0.0
2025-02-10T05:00:00,-5.4,Clear,6.0,67,0.0
2025-02-10T06:00:00,-0.6,Clear,2.8,67,0.0
2025-02-10T07:00:00,-0.6,Clear,9.2,81,0.0
2025-02-10T08:00:00,-0.6,Clear,9.1,72,0.0
2025-02-10T09:00:00,-0.6,Clear,3.0,79,0.0
2025-02-10T10:00:00,1.6,Clear,4.3,83,0.0
2025-02-10T11:00:00,1.7,Clear,3.6,72,0.0
2025-02-10T12:00:00,1.6,Clear,7.0,76,0.0
2025-02-10T13:00:00,4.1,Clear,6.1,85,0.0
2025-02-10T14:00:00,3.9,Clear,5.5,72,0.0
2025-02-10T15:00:00,1.7,Clear,6.6,80,0.0
2025-02-10T16:00:00,3.9,Clear,7.8,80,0.0
2025-02-10T17:00:00,-0.6,Clear,8.3,67,0.0
2025-02-10T18:00:00,-0.6,Clear,6.2,70,0.0
2025-02-10T19:00:00,-0.6,Clear,7.0,86,0.0
2025-02-10T20:00:00,-0.6,Clear,5.9,89,0.0
2025-02-10T21:00:00,-0.6,Clear,4.1,64,0.0
2025-02-10T22:00:00,-0.6,Clear,2.9,85,0.0
2025-02-10T23:00:00,-0.6,Clear,7.4,62,0.0
2025-02-09T00:00:00,-0.9,Cloudy,3.8,70,0.0
2025-02-09T01:00:00,-2.9,Cloudy,8.7,81,0.0
2025-02-09T02:00:00,-1.2,Cloudy,8.3,81,0.0
2025-02-09T03:00:00,-0.5,Cloudy,5.4,77,0.0
2025-02-09T04:00:00,-0.6,Cloudy,4.7,90,0.0
2025-02-09T05:00:00,-3.1,Cloudy,4.3,77,0.0
2025-02-09T06:00:00,1.7,Cloudy,2.9,72,0.0
2025-02-09T07:00:00,1.7,Cloudy,7.3,75,0.0
2025-02-09T08:00:00,1.7,Cloudy,3.0,85,0.0
2025-02-09T09:00:00,1.7,Cloudy,9.7,81,0.0
2025-02-09T10:00:00,6.5,Cloudy,8.5,83,0.0
2025-02-09T11:00:00,4.8,Cloudy,3.5,86,0.0
2025-02-09T12:00:00,6.2,Cloudy,9.6,80,0.0
2025-02-09T13:00:00,5.4,Cloudy,5.5,72,0.0
2025-02-09T14:00:00,3.8,Cloudy,6.5,88,0.0
2025-02-09T15:00:00,5.0,Cloudy,7.0,82,0.0
2025-02-09T16:00:00,6.7,Cloudy,6.5,83,0.0
2025-02-09T17:00:00,1.7,Cloudy,2.9,81,0.0
2025-02-09T18:00:00,1.7,Cloudy,2.3,73,0.0
2025-02-09T19:00:00,1.7,Cloudy,5.8,80,0.0
2025-02-09T20:00:00,1.7,Cloudy,10.0,71,0.0
2025-02-09T21:00:00,1.7,Cloudy,4.9,82,0.0
2025-02-09T22:00:00,1.7,Cloudy,8.5,75,0.0
2025-02-09T23:00:00,1.7,Cloudy,7.6,88,0.0
2025-02-08T00:00:00,-9.1,Snow,5.3,81,0.26
2025-02-08T01:00:00,-8.7,Snow,4.2,65,0.15
2025-02-08T02:00:00,-7.3,Snow,4.9,74,0.11
2025-02-08T03:00:00,-9.6,Snow,8.0,84,0.29
2025-02-08T04:00:00,-8.9,Snow,5.3,89,0.29
2025-02-08T05:00:00,-8.9,Snow,2.9,84,0.47
2025-02-08T06:00:00,-4.8,Snow,5.7,63,0.33
2025-02-08T07:00:00,-4.8,Snow,9.1,87,0.59
2025-02-08T08:00:00,-4.8,Snow,8.3,76,0.58
2025-02-08T09:00:00,-4.8,Snow,2.9,87,0.16
2025-02-08T10:00:00,-1.1,Snow,3.4,89,0.21
2025-02-08T11:00:00,-2.8,Snow,4.0,85,0.15
2025-02-08T12:00:00,-0.9,Snow,5.2,83,0.37
2025-02-08T13:00:00,-0.8,Snow,6.7,88,0.16
2025-02-08T14:00:00,-1.6,Snow,6.0,66,0.26
2025-02-08T15:00:00,-0.2,Snow,6.1,74,0.26
2025-02-08T16:00:00,-1.0,Snow,4.1,73,0.33
2025-02-08T17:00:00,-4.8,Snow,9.3,68,0.5
2025-02-08T18:00:00,-4.8,Snow,8.8,75,0.25
2025-02-08T19:00:00,-4.8,Snow,7.8,60,0.27
2025-02-08T20:00:00,-4.8,Snow,2.0,84,0.55
2025-02-08T21:00:00,-4.8,Snow,9.8,75,0.18
2025-02-08T22:00:00,-4.8,Snow,6.8,76,0.51
2025-02-08T23:00:00,-4.8,Snow,2.1,66,0.42
2025-02-07T00:00:00,1.8,Snow,3.4,80,0.35
2025-02-07T01:00:00,0.1,Snow,2.6,67,0.5
2025-02-07T02:00:00,1.7,Snow,3.5,71,0.17
2025-02-07T03:00:00,0.6,Snow,4.1,62,0.57
2025-02-07T04:00:00,1.5,Snow,6.3,69,0.18
2025-02-07T05:00:00,0.5,Snow,5.2,64,0.48
2025-02-07T06:00:00,3.9,Snow,4.3,73,0.38
2025-02-07T07:00:00,3.9,Snow,6.4,72,0.53
2025-02-07T08:00:00,3.9,Snow,5.3,86,0.5
2025-02-07T09:00:00,3.9,Snow,4.9,81,0.47
2025-02-07T10:00:00,6.9,Snow,7.9,67,0.52
2025-02-07T11:00:00,7.3,Snow,9.1,75,0.21
2025-02-07T12:00:00,6.4,Snow,9.7,73,0.53
2025-02-07T13:00:00,6.2,Snow,6.4,77,0.12
2025-02-07T14:00:00,8.3,Snow,3.6,78,0.32
2025-02-07T15:00:00,6.3,Snow,9.4,83,0.46
2025-02-07T16:00:00,6.0,Snow,4.0,69,0.17
2025-02-07T17:00:00,3.9,Snow,9.5,68,0.51
2025-02-07T18:00:00,3.9,Snow,3.9,89,0.43
2025-02-07T19:00:00,3.9,Snow,3.5,62,0.12
2025-02-07T20:00:00,3.9,Snow,2.5,80,0.5
2025-02-07T21:00:00,3.9,Snow,2.4,90,0.15
2025-02-07T22:00:00,3.9,Snow,5.0,70,0.54
2025-02-07T23:00:00,3.9,Snow,8.5,83,0.22
2025-02-06T00:00:00,1.7,Snow,3.4,80,0.28
2025-02-06T01:00:00,2.7,Snow,4.6,71,0.3
2025-02-06T02:00:00,3.3,Snow,8.8,65,0.4
2025-02-06T03:00:00,1.9,Snow,2.0,75,0.56
2025-02-06T04:00:00,1.9,Snow,9.3,81,0.58
2025-02-06T05:00:00,2.6,Snow,5.1,86,0.18
2025-02-06T06:00:00,6.7,Snow,6.0,74,0.3
2025-02-06T07:00:00,6.7,Snow,6.8,85,0.55
2025-02-06T08:00:00,6.7,Snow,6.5,61,0.37
2025-02-06T09:00:00,6.7,Snow,9.3,77,0.41
2025-02-06T10:00:00,9.4,Snow,6.6,74,0.32
2025-02-06T11:00:00,10.2,Snow,8.7,69,0.5
2025-02-06T12:00:00,9.1,Snow,3.4,64,0.16
2025-02-06T13:00:00,10.4,Snow,8.5,64,0.52
2025-02-06T14:00:00,9.4,Snow,5.4,81,0.21
2025-02-06T15:00:00,10.5,Snow,5.9,88,0.47
2025-02-06T16:00:00,9.3,Snow,4.6,74,0.39
2025-02-06T17:00:00,6.7,Snow,3.2,87,0.54
2025-02-06T18:00:00,6.7,Snow,6.5,82,0.33
2025-02-06T19:00:00,6.7,Snow,7.4,65,0.44
2025-02-06T20:00:00,6.7,Snow,9.6,86,0.11
2025-02-06T21:00:00,6.7,Snow,7.4,75,0.53
2025-02-06T22:00:00,6.7,Snow,9.5,64,0.28
2025-02-06T23:00:00,6.7,Snow,5.2,75,0.25
2025-02-05T00:00:00,-7.0,Rain,2.6,63,0.23
2025-02-05T01:00:00,-5.5,Rain,7.3,74,0.4
2025-02-05T02:00:00,-6.5,Rain,5.9,77,0.59
2025-02-05T03:00:00,-4.9,Rain,8.7,73,0.55
2025-02-05T04:00:00,-7.1,Rain,3.3,87,0.33
2025-02-05T05:00:00,-5.6,Rain,8.3,86,0.59
2025-02-05T06:00:00,-2.7,Rain,5.0,75,0.57
2025-02-05T07:00:00,-2.7,Rain,9.3,88,0.16
2025-02-05T08:00:00,-2.7,Rain,3.0,68,0.37
2025-02-05T09:00:00,-2.7,Rain,7.6,66,0.2
2025-02-05T10:00:00,-0.3,Rain,2.9,68,0.25
2025-02-05T11:00:00,0.2,Rain,5.6,62,0.21
2025-02-05T12:00:00,0.1,Rain,7.1,81,0.27
2025-02-05T13:00:00,2.3,Rain,9.2,83,0.3
2025-02-05T14:00:00,0.4,Rain,8.2,70,0.41
2025-02-05T15:00:00,1.7,Rain,4.2,64,0.46
2025-02-05T16:00:00,0.8,Rain,3.8,82,0.53
2025-02-05T17:00:00,-2.7,Rain,2.3,82,0.1
2025-02-05T18:00:00,-2.7,Rain,7.4,63,0.51
2025-02-05T19:00:00,-2.7,Rain,5.6,85,0.45
2025-02-05T20:00:00,-2.7,Rain,6.3,86,0.54
2025-02-05T21:00:00,-2.7,Rain,9.8,74,0.53
2025-02-05T22:00:00,-2.7,Rain,3.1,87,0.57
2025-02-05T23:00:00,-2.7,Rain,4.7,72,0.2
2025-02-04T00:00:00,-6.1,Snow,7.5,86,0.17
2025-02-04T01:00:00,-6.1,Snow,4.0,66,0.42
2025-02-04T02:00:00,-3.9,Snow,4.4,61,0.37
2025-02-04T03:00:00,-5.3,Snow,4.6,72,0.37
2025-02-04T04:00:00,-4.8,Snow,8.8,72,0.55
2025-02-04T05:00:00,-4.7,Snow,2.6,63,0.31
2025-02-04T06:00:00,-1.7,Snow,8.5,68,0.56
2025-02-04T07:00:00,-1.7,Snow,8.6,83,0.19
2025-02-04T08:00:00,-1.7,Snow,3.0,67,0.14
2025-02-04T09:00:00,-1.7,Snow,7.5,77,0.14
2025-02-04T10:00:00,2.5,Snow,7.8,89,0.17
2025-02-04T11:00:00,1.0,Snow,2.2,76,0.17
2025-02-04T12:00:00,2.1,Snow,3.4,63,0.41
2025-02-04T13:00:00,2.7,Snow,2.1,72,0.55
2025-02-04T14:00:00,1.5,Snow,6.4,74,0.23
2025-02-04T15:00:00,2.9,Snow,5.2,65,0.21
2025-02-04T16:00:00,2.8,Snow,5.7,70,0.2
2025-02-04T17:00:00,-1.7,Snow,6.0,63,0.52
2025-02-04T18:00:00,-1.7,Snow,3.7,76,0.11
2025-02-04T19:00:00,-1.7,Snow,8.5,80,0.21
2025-02-04T20:00:00,-1.7,Snow,4.4,83,0.28
2025-02-04T21:00:00,-1.7,Snow,3.9,75,0.35
2025-02-04T22:00:00,-1.7,Snow,2.9,70,0.52
2025-02-04T23:00:00,-1.7,Snow,7.7,65,0.37
2025-02-03T00:00:00,3.6,Snow,2.3,89,0.33
2025-02-03T01:00:00,3.1,Snow,3.4,89,0.23
2025-02-03T02:00:00,2.9,Snow,3.0,64,0.56
2025-02-03T03:00:00,3.2,Snow,7.8,71,0.33
2025-02-03T04:00:00,3.6,Snow,7.8,86,0.47
2025-02-03T05:00:00,3.2,Snow,2.7,69,0.17
2025-02-03T06:00:00,6.2,Snow,6.3,74,0.59
2025-02-03T07:00:00,6.2,Snow,5.8,89,0.35
2025-02-03T08:00:00,6.2,Snow,9.3,84,0.39
2025-02-03T09:00:00,6.2,Snow,8.5,88,0.49
2025-02-03T10:00:00,9.1,Snow,6.3,70,0.41
2025-02-03T11:00:00,9.5,Snow,5.5,63,0.46
2025-02-03T12:00:00,11.1,Snow,3.4,88,0.48
2025-02-03T13:00:00,9.2,Snow,5.1,67,0.48
2025-02-03T14:00:00,9.4,Snow,5.5,79,0.24
2025-02-03T15:00:00,8.8,Snow,9.2,62,0.34
2025-02-03T16:00:00,9.2,Snow,8.7,71,0.36
2025-02-03T17:00:00,6.2,Snow,2.5,77,0.37
2025-02-03T18:00:00,6.2,Snow,5.8,62,0.3
2025-02-03T19:00:00,6.2,Snow,4.2,86,0.13
2025-02-03T20:00:00,6.2,Snow,5.2,72,0.24
2025-02-03T21:00:00,6.2,Snow,6.9,69,0.16
2025-02-03T22:00:00,6.2,Snow,8.1,69,0.19
2025-02-03T23:00:00,6.2,Snow,7.6,65,0.28
2025-02-02T00:00:00,-2.9,Snow,5.1,71,0.14
2025-02-02T01:00:00,-3.6,Snow,5.3,69,0.26
2025-02-02T02:00:00,-4.5,Snow,4.7,78,0.45
2025-02-02T03:00:00,-2.2,Snow,6.5,86,0.27
2025-02-02T04:00:00,-3.5,Snow,9.1,74,0.52
2025-02-02T05:00:00,-2.3,Snow,8.8,87,0.3
2025-02-02T06:00:00,-0.0,Snow,9.9,84,0.55
2025-02-02T07:00:00,-0.0,Snow,5.4,79,0.26
2025-02-02T08:00:00,-0.0,Snow,8.7,62,0.59
2025-02-02T09:00:00,-0.0,Snow,4.6,87,0.15
2025-02-02T10:00:00,3.7,Snow,8.9,63,0.24
2025-02-02T11:00:00,3.7,Snow,3.4,88,0.24
2025-02-02T12:00:00,4.2,Snow,4.1,76,0.39
2025-02-02T13:00:00,2.6,Snow,8.5,69,0.31
2025-02-02T14:00:00,4.6,Snow,9.1,68,0.41
2025-02-02T15:00:00,2.6,Snow,4.2,67,0.48
2025-02-02T16:00:00,3.8,Snow,2.4,89,0.58
2025-02-02T17:00:00,-0.0,Snow,3.1,70,0.4
2025-02-02T18:00:00,-0.0,Snow,5.0,79,0.11
2025-02-02T19:00:00,-0.0,Snow,7.6,68,0.24
2025-02-02T20:00:00,-0.0,Snow,7.4,84,0.41
2025-02-02T21:00:00,-0.0,Snow,6.2,89,0.13
2025-02-02T22:00:00,-0.0,Snow,8.9,85,0.12
2025-02-02T23:00:00,-0.0,Snow,6.7,85,0.13
2025-02-01T00:00:00,-7.8,Cloudy,4.0,79,0.0
2025-02-01T01:00:00,-8.4,Cloudy,3.4,78,0.0
2025-02-01T02:00:00,-7.2,Cloudy,8.8,87,0.0
2025-02-01T03:00:00,-8.9,Cloudy,4.1,90,0.0
2025-02-01T04:00:00,-8.3,Cloudy,9.0,74,0.0
2025-02-01T05:00:00,-8.4,Cloudy,5.1,62,0.0
2025-02-01T06:00:00,-4.0,Cloudy,3.1,69,0.0
2025-02-01T07:00:00,-4.0,Cloudy,7.3,77,0.0
2025-02-01T08:00:00,-4.0,Cloudy,2.4,82,0.0
2025-02-01T09:00:00,-4.0,Cloudy,6.6,71,0.0
2025-02-01T10:00:00,-0.2,Cloudy,8.7,83,0.0
2025-02-01T11:00:00,0.2,Cloudy,5.1,74,0.0
2025-02-01T12:00:00,0.2,Cloudy,4.6,71,0.0
2025-02-01T13:00:00,0.0,Cloudy,2.1,79,0.0
2025-02-01T14:00:00,-1.0,Cloudy,7.3,75,0.0
2025-02-01T15:00:00,-2.0,Cloudy,8.6,67,0.0
2025-02-01T16:00:00,-0.2,Cloudy,9.3,77,0.0
2025-02-01T17:00:00,-4.0,Cloudy,9.5,78,0.0
2025-02-01T18:00:00,-4.0,Cloudy,5.2,61,0.0
2025-02-01T19:00:00,-4.0,Cloudy,5.3,74,0.0
2025-02-01T20:00:00,-4.0,Cloudy,3.6,87,0.0
2025-02-01T21:00:00,-4.0,Cloudy,7.7,66,0.0
2025-02-01T22:00:00,-4.0,Cloudy,6.2,62,0.0
2025-02-01T23:00:00,-4.0,Cloudy,7.5,85,0.0
2025-01-31T00:00:00,-1.2,Cloudy,7.4,68,0.0
2025-01-31T01:00:00,-2.4,Cloudy,6.3,81,0.0
2025-01-31T02:00:00,-1.2,Cloudy,6.5,69,0.0
2025-01-31T03:00:00,-2.2,Cloudy,3.3,73,0.0
2025-01-31T04:00:00,-2.5,Cloudy,8.2,90,0.0
2025-01-31T05:00:00,-0.5,Cloudy,3.2,85,0.0
2025-01-31T06:00:00,2.2,Cloudy,8.2,74,0.0
2025-01-31T07:00:00,2.2,Cloudy,4.2,75,0.0
2025-01-31T08:00:00,2.2,Cloudy,3.1,79,0.0
2025-01-31T09:00:00,2.2,Cloudy,8.9,85,0.0
2025-01-31T10:00:00,5.1,Cloudy,2.9,64,0.0
2025-01-31T11:00:00,6.1,Cloudy,8.6,83,0.0
2025-01-31T12:00:00,5.2,Cloudy,4.4,69,0.0
2025-01-31T13:00:00,4.6,Cloudy,2.1,73,0.0
2025-01-31T14:00:00,4.6,Cloudy,4.0,81,0.0
2025-01-31T15:00:00,6.6,Cloudy,2.1,74,0.0
2025-01-31T16:00:00,6.6,Cloudy,7.9,71,0.0
2025-01-31T17:00:00,2.2,Cloudy,2.7,76,0.0
2025-01-31T18:00:00,2.2,Cloudy,5.1,82,0.0
2025-01-31T19:00:00,2.2,Cloudy,2.1,65,0.0
2025-01-31T20:00:00,2.2,Cloudy,3.3,70,0.0
2025-01-31T21:00:00,2.2,Cloudy,7.1,79,0.0
2025-01-31T22:00:00,2.2,Cloudy,6.3,72,0.0
2025-01-31T23:00:00,2.2,Cloudy,5.7,76,0.0
2025-01-30T00:00:00,1.1,Fog,2.7,62,0.0
2025-01-30T01:00:00,2.0,Fog,9.7,71,0.0
2025-01-30T02:00:00,0.1,Fog,2.2,68,0.0
2025-01-30T03:00:00,1.5,Fog,3.5,79,0.0
2025-01-30T04:00:00,0.2,Fog,8.7,61,0.0
2025-01-30T05:00:00,2.2,Fog,8.3,76,0.0
2025-01-30T06:00:00,4.3,Fog,7.0,71,0.0
2025-01-30T07:00:00,4.3,Fog,4.1,63,0.0
2025-01-30T08:00:00,4.3,Fog,5.3,74,0.0
2025-01-30T09:00:00,4.3,Fog,9.0,89,0.0
2025-01-30T10:00:00,6.7,Fog,6.0,83,0.0
2025-01-30T11:00:00,6.9,Fog,4.8,77,0.0
2025-01-30T12:00:00,6.8,Fog,7.9,79,0.0
2025-01-30T13:00:00,7.7,Fog,5.2,88,0.0
2025-01-30T14:00:00,9.0,Fog,7.8,69,0.0
2025-01-30T15:00:00,8.9,Fog,5.7,85,0.0
2025-01-30T16:00:00,8.1,Fog,4.8,71,0.0
2025-01-30T17:00:00,4.3,Fog,8.6,85,0.0
2025-01-30T18:00:00,4.3,Fog,4.8,76,0.0
2025-01-30T19:00:00,4.3,Fog,2.7,62,0.0
2025-01-30T20:00:00,4.3,Fog,8.7,62,0.0
2025-01-30T21:00:00,4.3,Fog,10.0,69,0.0
2025-01-30T22:00:00,4.3,Fog,7.4,68,0.0
2025-01-30T23:00:00,4.3,Fog,3.0,78,0.0
2025-01-29T00:00:00,-2.7,Clear,7.9,61,0.0
2025-01-29T01:00:00,-4.3,Clear,4.2,68,0.0
2025-01-29T02:00:00,-5.1,Clear,5.6,70,0.0
2025-01-29T03:00:00,-5.3,Clear,4.8,60,0.0
2025-01-29T04:00:00,-4.4,Clear,3.4,66,0.0
2025-01-29T05:00:00,-4.3,Clear,9.4,79,0.0
2025-01-29T06:00:00,-0.5,Clear,6.1,86,0.0
2025-01-29T07:00:00,-0.5,Clear,9.4,72,0.0
2025-01-29T08:00:00,-0.5,Clear,2.1,65,0.0
2025-01-29T09:00:00,-0.5,Clear,8.4,82,0.0
2025-01-29T10:00:00,3.7,Clear,7.5,60,0.0
2025-01-29T11:00:00,3.1,Clear,8.3,82,0.0
2025-01-29T12:00:00,3.9,Clear,3.4,82,0.0
2025-01-29T13:00:00,2.2,Clear,4.9,69,0.0
2025-01-29T14:00:00,2.1,Clear,8.7,70,0.0
2025-01-29T15:00:00,4.5,Clear,5.6,66,0.0
2025-01-29T16:00:00,4.3,Clear,8.9,78,0.0
2025-01-29T17:00:00,-0.5,Clear,7.1,72,0.0
2025-01-29T18:00:00,-0.5,Clear,8.0,68,0.0
2025-01-29T19:00:00,-0.5,Clear,3.3,68,0.0
2025-01-29T20:00:00,-0.5,Clear,5.5,79,0.0
2025-01-29T21:00:00,-0.5,Clear,5.4,67,0.0
2025-01-29T22:00:00,-0.5,Clear,3.1,87,0.0
2025-01-29T23:00:00,-0.5,Clear,7.6,79,0.0
2025-01-28T00:00:00,-8.8,Rain,9.1,77,0.21
2025-01-28T01:00:00,-6.3,Rain,7.9,77,0.54
2025-01-28T02:00:00,-9.0,Rain,5.5,85,0.48
2025-01-28T03:00:00,-7.6,Rain,5.1,67,0.12
2025-01-28T04:00:00,-7.4,Rain,5.4,71,0.22
2025-01-28T05:00:00,-8.3,Rain,2.9,69,0.22
2025-01-28T06:00:00,-4.1,Rain,7.4,85,0.12
2025-01-28T07:00:00,-4.1,Rain,2.9,83,0.33
2025-01-28T08:00:00,-4.1,Rain,3.6,87,0.44
2025-01-28T09:00:00,-4.1,Rain,6.7,85,0.48
2025-01-28T10:00:00,-2.1,Rain,6.5,82,0.35
2025-01-28T11:00:00,-1.3,Rain,2.3,74,0.46
2025-01-28T12:00:00,-0.9,Rain,8.0,71,0.26
2025-01-28T13:00:00,0.6,Rain,9.0,84,0.57
2025-01-28T14:00:00,0.1,Rain,5.8,80,0.13
2025-01-28T15:00:00,0.0,Rain,3.5,81,0.59
2025-01-28T16:00:00,-1.2,Rain,5.6,82,0.23
2025-01-28T17:00:00,-4.1,Rain,8.9,79,0.43
2025-01-28T18:00:00,-4.1,Rain,8.7,87,0.15
2025-01-28T19:00:00,-4.1,Rain,5.3,85,0.5
2025-01-28T20:00:00,-4.1,Rain,4.3,66,0.57
2025-01-28T21:00:00,-4.1,Rain,3.6,86,0.39
2025-01-28T22:00:00,-4.1,Rain,4.3,85,0.14
2025-01-28T23:00:00,-4.1,Rain,8.4,68,0.1
2025-01-27T00:00:00,-7.2,Rain,2.3,78,0.51
2025-01-27T01:00:00,-6.7,Rain,5.0,69,0.12
2025-01-27T02:00:00,-6.3,Rain,4.3,81,0.33
2025-01-27T03:00:00,-6.9,Rain,4.8,87,0.11
2025-01-27T04:00:00,-6.4,Rain,2.9,83,0.12
2025-01-27T05:00:00,-7.3,Rain,8.3,89,0.29
2025-01-27T06:00:00,-4.2,Rain,9.9,89,0.23
2025-01-27T07:00:00,-4.2,Rain,4.0,81,0.23
2025-01-27T08:00:00,-4.2,Rain,8.7,66,0.32
2025-01-27T09:00:00,-4.2,Rain,9.8,73,0.35
2025-01-27T10:00:00,0.3,Rain,3.6,78,0.28
2025-01-27T11:00:00,0.1,Rain,2.9,61,0.27
2025-01-27T12:00:00,-0.3,Rain,3.2,67,0.51
2025-01-27T13:00:00,-0.0,Rain,3.2,61,0.21
2025-01-27T14:00:00,-0.7,Rain,3.4,72,0.32
2025-01-27T15:00:00,0.4,Rain,7.8,73,0.15
2025-01-27T16:00:00,-1.4,Rain,3.4,87,0.43
2025-01-27T17:00:00,-4.2,Rain,7.6,89,0.23
2025-01-27T18:00:00,-4.2,Rain,6.9,61,0.6
2025-01-27T19:00:00,-4.2,Rain,6.9,64,0.51
2025-01-27T20:00:00,-4.2,Rain,3.8,69,0.11
2025-01-27T21:00:00,-4.2,Rain,5.6,74,0.15
2025-01-27T22:00:00,-4.2,Rain,3.5,67,0.5
2025-01-27T23:00:00,-4.2,Rain,3.4,66,0.31
2025-01-26T00:00:00,-6.7,Rain,3.1,64,0.28
2025-01-26T01:00:00,-7.4,Rain,3.5,68,0.45
2025-01-26T02:00:00,-6.0,Rain,6.8,66,0.13
2025-01-26T03:00:00,-7.1,Rain,4.8,66,0.14
2025-01-26T04:00:00,-8.0,Rain,2.6,80,0.24
2025-01-26T05:00:00,-7.9,Rain,2.5,61,0.58
2025-01-26T06:00:00,-3.1,Rain,6.3,74,0.39
2025-01-26T07:00:00,-3.1,Rain,10.0,74,0.57
2025-01-26T08:00:00,-3.1,Rain,10.0,70,0.56
2025-01-26T09:00:00,-3.1,Rain,6.9,62,0.58
2025-01-26T10:00:00,-0.7,Rain,9.1,86,0.3
2025-01-26T11:00:00,0.1,Rain,6.6,87,0.24
2025-01-26T12:00:00,-1.1,Rain,7.7,85,0.4
2025-01-26T13:00:00,1.3,Rain,9.9,78,0.39
2025-01-26T14:00:00,0.0,Rain,9.2,87,0.54
2025-01-26T15:00:00,-0.4,Rain,8.9,80,0.19
2025-01-26T16:00:00,1.3,Rain,9.4,67,0.42
2025-01-26T17:00:00,-3.1,Rain,5.6,82,0.59
2025-01-26T18:00:00,-3.1,Rain,5.3,68,0.47
2025-01-26T19:00:00,-3.1,Rain,6.4,88,0.53
2025-01-26T20:00:00,-3.1,Rain,7.6,74,0.21
2025-01-26T21:00:00,-3.1,Rain,7.7,64,0.41
2025-01-26T22:00:00,-3.1,Rain,2.5,66,0.34
2025-01-26T23:00:00,-3.1,Rain,5.1,64,0.43
2025-01-25T00:00:00,-2.5,Clear,2.8,84,0.0
2025-01-25T01:00:00,-0.2,Clear,6.0,74,0.0
2025-01-25T02:00:00,-0.9,Clear,7.0,82,0.0
2025-01-25T03:00:00,-1.0,Clear,5.4,86,0.0
2025-01-25T04:00:00,-2.6,Clear,3.6,84,0.0
2025-01-25T05:00:00,-0.7,Clear,5.3,71,0.0
2025-01-25T06:00:00,2.1,Clear,6.6,89,0.0
2025-01-25T07:00:00,2.1,Clear,7.7,88,0.0
2025-01-25T08:00:00,2.1,Clear,3.5,63,0.0
2025-01-25T09:00:00,2.1,Clear,9.3,70,0.0
2025-01-25T10:00:00,4.6,Clear,7.0,63,0.0
2025-01-25T11:00:00,6.4,Clear,4.5,78,0.0
2025-01-25T12:00:00,5.9,Clear,9.1,63,0.0
2025-01-25T13:00:00,4.1,Clear,8.2,75,0.0
2025-01-25T14:00:00,5.9,Clear,5.9,74,0.0
2025-01-25T15:00:00,4.1,Clear,6.5,62,0.0
2025-01-25T16:00:00,4.3,Clear,5.3,90,0.0
2025-01-25T17:00:00,2.1,Clear,4.9,76,0.0
2025-01-25T18:00:00,2.1,Clear,4.3,70,0.0
2025-01-25T19:00:00,2.1,Clear,4.6,88,0.0
2025-01-25T20:00:00,2.1,Clear,5.7,89,0.0
2025-01-25T21:00:00,2.1,Clear,7.6,87,0.0
2025-01-25T22:00:00,2.1,Clear,5.3,89,0.0
2025-01-25T23:00:00,2.1,Clear,3.2,76,0.0
2025-01-24T00:00:00,-5.4,Clear,3.1,61,0.0
2025-01-24T01:00:00,-3.8,Clear,5.6,64,0.0
2025-01-24T02:00:00,-5.4,Clear,4.7,87,0.0
2025-01-24T03:00:00,-3.3,Clear,4.6,72,0.0
2025-01-24T04:00:00,-3.5,Clear,2.6,86,0.0
2025-01-24T05:00:00,-3.2,Clear,5.4,85,0.0
2025-01-24T06:00:00,-0.5,Clear,8.9,79,0.0
2025-01-24T07:00:00,-0.5,Clear,8.6,73,0.0
2025-01-24T08:00:00,-0.5,Clear,9.7,62,0.0
2025-01-24T09:00:00,-0.5,Clear,3.1,90,0.0
2025-01-24T10:00:00,2.1,Clear,4.0,90,0.0
2025-01-24T11:00:00,2.0,Clear,5.9,86,0.0
2025-01-24T12:00:00,3.1,Clear,4.3,69,0.0
2025-01-24T13:00:00,3.2,Clear,5.8,89,0.0
2025-01-24T14:00:00,1.9,Clear,2.8,89,0.0
2025-01-24T15:00:00,4.0,Clear,7.1,69,0.0
2025-01-24T16:00:00,1.7,Clear,3.4,64,0.0
2025-01-24T17:00:00,-0.5,Clear,9.1,70,0.0
2025-01-24T18:00:00,-0.5,Clear,7.5,88,0.0
2025-01-24T19:00:00,-0.5,Clear,2.4,83,0.0
2025-01-24T20:00:00,-0.5,Clear,5.4,75,0.0
2025-01-24T21:00:00,-0.5,Clear,3.4,77,0.0
2025-01-24T22:00:00,-0.5,Clear,2.4,90,0.0
2025-01-24T23:00:00,-0.5,Clear,6.2,68,0.0
2025-01-23T00:00:00,-7.2,Snow,9.0,70,0.16
2025-01-23T01:00:00,-5.6,Snow,6.0,62,0.25
2025-01-23T02:00:00,-6.3,Snow,2.6,65,0.33
2025-01-23T03:00:00,-7.2,Snow,2.2,87,0.16
2025-01-23T04:00:00,-5.1,Snow,4.0,73,0.22
2025-01-23T05:00:00,-6.6,Snow,6.8,73,0.42
2025-01-23T06:00:00,-2.6,Snow,5.5,86,0.33
2025-01-23T07:00:00,-2.6,Snow,8.7,74,0.3
2025-01-23T08:00:00,-2.6,Snow,5.5,67,0.58
2025-01-23T09:00:00,-2.6,Snow,9.2,62,0.47
2025-01-23T10:00:00,1.3,Snow,9.2,76,0.23
2025-01-23T11:00:00,1.7,Snow,8.0,75,0.19
2025-01-23T12:00:00,-0.5,Snow,3.4,70,0.39
2025-01-23T13:00:00,1.0,Snow,7.0,69,0.16
2025-01-23T14:00:00,1.4,Snow,3.7,77,0.36
2025-01-23T15:00:00,1.3,Snow,2.1,75,0.11
2025-01-23T16:00:00,-0.5,Snow,4.0,70,0.47
2025-01-23T17:00:00,-2.6,Snow,6.3,84,0.53
2025-01-23T18:00:00,-2.6,Snow,7.4,70,0.17
2025-01-23T19:00:00,-2.6,Snow,2.9,87,0.39
2025-01-23T20:00:00,-2.6,Snow,5.2,62,0.29
2025-01-23T21:00:00,-2.6,Snow,8.0,62,0.14
2025-01-23T22:00:00,-2.6,Snow,9.8,67,0.17
2025-01-23T23:00:00,-2.6,Snow,6.4,79,0.39
2025-01-22T00:00:00,0.9,Snow,6.8,76,0.22
2025-01-22T01:00:00,-0.0,Snow,8.4,84,0.21
2025-01-22T02:00:00,-0.0,Snow,6.3,65,0.38
2025-01-22T03:00:00,-0.0,Snow,3.9,64,0.21
2025-01-22T04:00:00,1.6,Snow,5.5,70,0.5
2025-01-22T05:00:00,-0.5,Snow,2.8,64,0.5
2025-01-22T06:00:00,3.8,Snow,3.6,72,0.27
2025-01-22T07:00:00,3.8,Snow,7.2,62,0.44
2025-01-22T08:00:00,3.8,Snow,7.5,75,0.42
2025-01-22T09:00:00,3.8,Snow,7.9,63,0.37
2025-01-22T10:00:00,6.2,Snow,2.3,67,0.26
2025-01-22T11:00:00,8.6,Snow,7.7,66,0.52
2025-01-22T12:00:00,8.0,Snow,6.5,79,0.26
2025-01-22T13:00:00,8.4,Snow,2.5,77,0.49
2025-01-22T14:00:00,7.9,Snow,4.2,85,0.38
2025-01-22T15:00:00,6.6,Snow,2.5,86,0.14
2025-01-22T16:00:00,8.4,Snow,9.2,86,0.27
2025-01-22T17:00:00,3.8,Snow,6.5,85,0.25
2025-01-22T18:00:00,3.8,Snow,8.0,87,0.45
2025-01-22T19:00:00,3.8,Snow,6.8,68,0.33
2025-01-22T20:00:00,3.8,Snow,4.3,90,0.56
2025-01-22T21:00:00,3.8,Snow,3.2,70,0.14
2025-01-22T22:00:00,3.8,Snow,5.0,79,0.52
2025-01-22T23:00:00,3.8,Snow,7.4,69,0.13
2025-01-21T00:00:00,-2.9,Clear,2.5,67,0.0
2025-01-21T01:00:00,-1.9,Clear,8.7,63,0.0
2025-01-21T02:00:00,-0.9,Clear,2.8,88,0.0
2025-01-21T03:00:00,-2.6,Clear,2.1,82,0.0
2025-01-21T04:00:00,-2.7,Clear,5.4,80,0.0
2025-01-21T05:00:00,-2.1,Clear,7.1,66,0.0
2025-01-21T06:00:00,1.4,Clear,7.2,83,0.0
2025-01-21T07:00:00,1.4,Clear,7.3,81,0.0
2025-01-21T08:00:00,1.4,Clear,7.7,83,0.0
2025-01-21T09:00:00,1.4,Clear,2.7,66,0.0
2025-01-21T10:00:00,3.7,Clear,9.4,61,0.0
2025-01-21T11:00:00,4.6,Clear,6.7,86,0.0
2025-01-21T12:00:00,5.4,Clear,5.8,88,0.0
2025-01-21T13:00:00,6.0,Clear,4.5,71,0.0
2025-01-21T14:00:00,5.5,Clear,3.0,88,0.0
2025-01-21T15:00:00,4.7,Clear,2.7,74,0.0
2025-01-21T16:00:00,5.1,Clear,6.2,69,0.0
2025-01-21T17:00:00,1.4,Clear,6.1,89,0.0
2025-01-21T18:00:00,1.4,Clear,5.0,62,0.0
2025-01-21T19:00:00,1.4,Clear,8.7,66,0.0
2025-01-21T20:00:00,1.4,Clear,4.9,85,0.0
2025-01-21T21:00:00,1.4,Clear,2.1,68,0.0
2025-01-21T22:00:00,1.4,Clear,6.0,77,0.0
2025-01-21T23:00:00,1.4,Clear,2.1,90,0.0
2025-01-20T00:00:00,-5.2,Clear,8.0,67,0.0
2025-01-20T01:00:00,-5.1,Clear,5.8,82,0.0
2025-01-20T02:00:00,-7.0,Clear,3.4,65,0.0
2025-01-20T03:00:00,-6.9,Clear,5.0,61,0.0
2025-01-20T04:00:00,-4.9,Clear,7.2,68,0.0
2025-01-20T05:00:00,-4.7,Clear,4.8,64,0.0
2025-01-20T06:00:00,-2.3,Clear,8.4,83,0.0
2025-01-20T07:00:00,-2.3,Clear,6.9,74,0.0
2025-01-20T08:00:00,-2.3,Clear,8.7,66,0.0
2025-01-20T09:00:00,-2.3,Clear,9.7,67,0.0
2025-01-20T10:00:00,1.8,Clear,6.0,72,0.0
2025-01-20T11:00:00,1.6,Clear,6.2,75,0.0
2025-01-20T12:00:00,1.2,Clear,8.8,71,0.0
2025-01-20T13:00:00,0.5,Clear,3.2,76,0.0
2025-01-20T14:00:00,2.3,Clear,7.2,64,0.0
2025-01-20T15:00:00,1.8,Clear,3.7,64,0.0
2025-01-20T16:00:00,0.3,Clear,4.0,66,0.0
2025-01-20T17:00:00,-2.3,Clear,5.8,61,0.0
2025-01-20T18:00:00,-2.3,Clear,4.2,80,0.0
2025-01-20T19:00:00,-2.3,Clear,8.6,84,0.0
2025-01-20T20:00:00,-2.3,Clear,6.1,69,0.0
2025-01-20T21:00:00,-2.3,Clear,8.4,67,0.0
2025-01-20T22:00:00,-2.3,Clear,8.8,61,0.0
2025-01-20T23:00:00,-2.3,Clear,8.5,69,0.0
2025-01-19T00:00:00,-1.7,Cloudy,4.9,73,0.0
2025-01-19T01:00:00,-2.9,Cloudy,6.2,69,0.0
2025-01-19T02:00:00,-3.1,Cloudy,2.4,72,0.0
2025-01-19T03:00:00,-3.4,Cloudy,10.0,61,0.0
2025-01-19T04:00:00,-3.7,Cloudy,5.0,66,0.0
2025-01-19T05:00:00,-2.1,Cloudy,8.5,71,0.0
2025-01-19T06:00:00,1.0,Cloudy,8.2,84,0.0
2025-01-19T07:00:00,1.0,Cloudy,7.6,77,0.0
2025-01-19T08:00:00,1.0,Cloudy,4.2,64,0.0
2025-01-19T09:00:00,1.0,Cloudy,7.6,66,0.0
2025-01-19T10:00:00,5.8,Cloudy,3.9,79,0.0
2025-01-19T11:00:00,5.3,Cloudy,4.0,82,0.0
2025-01-19T12:00:00,4.9,Cloudy,9.8,61,0.0
2025-01-19T13:00:00,4.2,Cloudy,7.8,86,0.0
2025-01-19T14:00:00,3.1,Cloudy,5.5,63,0.0
2025-01-19T15:00:00,6.0,Cloudy,4.6,78,0.0
2025-01-19T16:00:00,3.8,Cloudy,7.9,71,0.0
2025-01-19T17:00:00,1.0,Cloudy,4.0,64,0.0
2025-01-19T18:00:00,1.0,Cloudy,6.5,89,0.0
2025-01-19T19:00:00,1.0,Cloudy,7.6,78,0.0
2025-01-19T20:00:00,1.0,Cloudy,3.1,77,0.0
2025-01-19T21:00:00,1.0,Cloudy,7.9,60,0.0
2025-01-19T22:00:00,1.0,Cloudy,2.1,87,0.0
2025-01-19T23:00:00,1.0,Cloudy,2.7,81,0.0
2025-01-18T00:00:00,-4.1,Cloudy,4.6,73,0.0
2025-01-18T01:00:00,-3.9,Cloudy,6.9,61,0.0
2025-01-18T02:00:00,-4.8,Cloudy,8.5,64,0.0
2025-01-18T03:00:00,-6.7,Cloudy,7.6,75,0.0
2025-01-18T04:00:00,-4.3,Cloudy,7.7,64,0.0
2025-01-18T05:00:00,-4.8,Cloudy,4.3,75,0.0
2025-01-18T06:00:00,-1.8,Cloudy,3.7,69,0.0
2025-01-18T07:00:00,-1.8,Cloudy,6.0,90,0.0
2025-01-18T08:00:00,-1.8,Cloudy,3.0,89,0.0
2025-01-18T09:00:00,-1.8,Cloudy,4.6,84,0.0
2025-01-18T10:00:00,1.6,Cloudy,9.4,61,0.0
2025-01-18T11:00:00,2.9,Cloudy,6.2,67,0.0
2025-01-18T12:00:00,2.3,Cloudy,9.9,73,0.0
2025-01-18T13:00:00,1.8,Cloudy,9.6,83,0.0
2025-01-18T14:00:00,1.7,Cloudy,6.8,87,0.0
2025-01-18T15:00:00,2.7,Cloudy,5.9,69,0.0
2025-01-18T16:00:00,1.8,Cloudy,3.6,81,0.0
2025-01-18T17:00:00,-1.8,Cloudy,5.7,66,0.0
2025-01-18T18:00:00,-1.8,Cloudy,9.4,62,0.0
2025-01-18T19:00:00,-1.8,Cloudy,7.7,65,0.0
2025-01-18T20:00:00,-1.8,Cloudy,6.0,84,0.0
2025-01-18T21:00:00,-1.8,Cloudy,3.9,87,0.0
2025-01-18T22:00:00,-1.8,Cloudy,9.5,87,0.0
2025-01-18T23:00:00,-1.8,Cloudy,7.7,67,0.0
2025-01-17T00:00:00,-7.5,Clear,8.7,61,0.0
2025-01-17T01:00:00,-8.6,Clear,6.8,67,0.0
2025-01-17T02:00:00,-9.2,Clear,6.9,63,0.0
2025-01-17T03:00:00,-7.7,Clear,3.7,64,0.0
2025-01-17T04:00:00,-7.7,Clear,3.5,65,0.0
2025-01-17T05:00:00,-7.5,Clear,5.2,60,0.0
2025-01-17T06:00:00,-4.8,Clear,7.3,86,0.0
2025-01-17T07:00:00,-4.8,Clear,8.7,61,0.0
2025-01-17T08:00:00,-4.8,Clear,6.6,86,0.0
2025-01-17T09:00:00,-4.8,Clear,6.3,77,0.0
2025-01-17T10:00:00,-1.3,Clear,8.8,81,0.0
2025-01-17T11:00:00,-1.1,Clear,9.8,88,0.0
2025-01-17T12:00:00,-1.5,Clear,2.9,69,0.0
2025-01-17T13:00:00,-0.7,Clear,9.6,67,0.0
2025-01-17T14:00:00,-2.0,Clear,2.0,61,0.0
2025-01-17T15:00:00,-0.1,Clear,9.1,87,0.0
2025-01-17T16:00:00,-0.4,Clear,4.9,86,0.0
2025-01-17T17:00:00,-4.8,Clear,2.3,61,0.0
2025-01-17T18:00:00,-4.8,Clear,3.3,79,0.0
2025-01-17T19:00:00,-4.8,Clear,7.9,76,0.0
2025-01-17T20:00:00,-4.8,Clear,5.3,84,0.0
2025-01-17T21:00:00,-4.8,Clear,5.1,60,0.0
2025-01-17T22:00:00,-4.8,Clear,6.2,83,0.0
2025-01-17T23:00:00,-4.8,Clear,9.2,65,0.0
2025-01-16T00:00:00,-4.7,Snow,7.5,83,0.26
2025-01-16T01:00:00,-3.7,Snow,5.0,89,0.39
2025-01-16T02:00:00,-2.8,Snow,4.2,71,0.59
2025-01-16T03:00:00,-2.0,Snow,6.5,75,0.23
2025-01-16T04:00:00,-2.1,Snow,2.5,63,0.14
2025-01-16T05:00:00,-2.0,Snow,6.4,66,0.21
2025-01-16T06:00:00,0.1,Snow,7.8,74,0.3
2025-01-16T07:00:00,0.1,Snow,9.4,80,0.6
2025-01-16T08:00:00,0.1,Snow,3.1,61,0.32
2025-01-16T09:00:00,0.1,Snow,2.3,79,0.26
2025-01-16T10:00:00,2.4,Snow,6.7,62,0.46
2025-01-16T11:00:00,2.5,Snow,3.0,62,0.23
2025-01-16T12:00:00,4.6,Snow,2.4,79,0.21
2025-01-16T13:00:00,2.7,Snow,5.2,73,0.27
2025-01-16T14:00:00,4.9,Snow,7.4,63,0.48
2025-01-16T15:00:00,4.7,Snow,8.5,65,0.36
2025-01-16T16:00:00,2.3,Snow,2.7,62,0.3
2025-01-16T17:00:00,0.1,Snow,2.4,71,0.45
2025-01-16T18:00:00,0.1,Snow,3.0,65,0.37
2025-01-16T19:00:00,0.1,Snow,6.1,60,0.41
2025-01-16T20:00:00,0.1,Snow,4.2,72,0.55
2025-01-16T21:00:00,0.1,Snow,7.4,86,0.55
2025-01-16T22:00:00,0.1,Snow,6.5,85,0.32
2025-01-16T23:00:00,0.1,Snow,7.2,73,0.38
2025-01-15T00:00:00,-1.6,Cloudy,6.4,63,0.0
2025-01-15T01:00:00,-2.2,Cloudy,9.6,90,0.0
2025-01-15T02:00:00,-0.3,Cloudy,2.1,63,0.0
2025-01-15T03:00:00,-2.0,Cloudy,3.1,64,0.0
2025-01-15T04:00:00,-3.2,Cloudy,4.2,65,0.0
2025-01-15T05:00:00,-2.8,Cloudy,3.4,61,0.0
2025-01-15T06:00:00,1.7,Cloudy,4.3,66,0.0
2025-01-15T07:00:00,1.7,Cloudy,7.4,82,0.0
2025-01-15T08:00:00,1.7,Cloudy,5.2,85,0.0
2025-01-15T09:00:00,1.7,Cloudy,8.4,90,0.0
2025-01-15T10:00:00,5.4,Cloudy,4.3,69,0.0
2025-01-15T11:00:00,4.8,Cloudy,9.9,82,0.0
2025-01-15T12:00:00,6.4,Cloudy,3.1,64,0.0
2025-01-15T13:00:00,6.4,Cloudy,2.3,71,0.0
2025-01-15T14:00:00,5.2,Cloudy,3.9,65,0.0
2025-01-15T15:00:00,6.0,Cloudy,9.6,75,0.0
2025-01-15T16:00:00,4.1,Cloudy,7.3,76,0.0
2025-01-15T17:00:00,1.7,Cloudy,5.8,71,0.0
2025-01-15T18:00:00,1.7,Cloudy,2.9,81,0.0
2025-01-15T19:00:00,1.7,Cloudy,2.7,65,0.0
2025-01-15T20:00:00,1.7,Cloudy,9.2,90,0.0
2025-01-15T21:00:00,1.7,Cloudy,2.0,88,0.0
2025-01-15T22:00:00,1.7,Cloudy,7.8,82,0.0
2025-01-15T23:00:00,1.7,Cloudy,8.8,88,0.0
2025-01-14T00:00:00,-6.9,Rain,6.8,70,0.44
2025-01-14T01:00:00,-6.8,Rain,3.4,67,0.36
2025-01-14T02:00:00,-6.9,Rain,3.7,63,0.5
2025-01-14T03:00:00,-6.1,Rain,5.2,77,0.15
2025-01-14T04:00:00,-6.9,Rain,5.0,69,0.44
2025-01-14T05:00:00,-8.7,Rain,2.7,60,0.53
2025-01-14T06:00:00,-3.8,Rain,2.2,70,0.37
2025-01-14T07:00:00,-3.8,Rain,8.8,61,0.21
2025-01-14T08:00:00,-3.8,Rain,4.8,82,0.5
2025-01-14T09:00:00,-3.8,Rain,7.6,75,0.56
2025-01-14T10:00:00,1.2,Rain,6.3,88,0.25
2025-01-14T11:00:00,0.9,Rain,5.4,83,0.46
2025-01-14T12:00:00,-0.7,Rain,9.1,88,0.41
2025-01-14T13:00:00,-0.5,Rain,2.9,71,0.44
2025-01-14T14:00:00,-0.6,Rain,6.4,64,0.46
2025-01-14T15:00:00,-0.5,Rain,9.1,80,0.15
2025-01-14T16:00:00,-1.2,Rain,6.7,82,0.4
2025-01-14T17:00:00,-3.8,Rain,5.7,77,0.56
2025-01-14T18:00:00,-3.8,Rain,8.2,84,0.34
2025-01-14T19:00:00,-3.8,Rain,2.4,89,0.39
2025-01-14T20:00:00,-3.8,Rain,9.3,67,0.49
2025-01-14T21:00:00,-3.8,Rain,8.0,83,0.29
2025-01-14T22:00:00,-3.8,Rain,6.9,61,0.5
2025-01-14T23:00:00,-3.8,Rain,5.9,60,0.21
